state,abbreviation,date,cases
Alabama,AL,2020-01-22,0
Alabama,AL,2020-01-23,0
Alabama,AL,2020-01-24,0
Alabama,AL,2020-01-25,0
Alabama,AL,2020-01-26,0
Alabama,AL,2020-01-27,0
Alabama,AL,2020-01-28,0
Alabama,AL,2020-01-29,0
Alabama,AL,2020-01-30,0
Alabama,AL,2020-01-31,0
Alabama,AL,2020-02-01,0
Alabama,AL,2020-02-02,0
Alabama,AL,2020-02-03,0
Alabama,AL,2020-02-04,0
Alabama,AL,2020-02-05,0
Alabama,AL,2020-02-06,0
Alabama,AL,2020-02-07,0
Alabama,AL,2020-02-08,0
Alabama,AL,2020-02-09,0
Alabama,AL,2020-02-10,0
Alabama,AL,2020-02-11,0
Alabama,AL,2020-02-12,0
Alabama,AL,2020-02-13,0
Alabama,AL,2020-02-14,0
Alabama,AL,2020-02-15,0
Alabama,AL,2020-02-16,0
Alabama,AL,2020-02-17,0
Alabama,AL,2020-02-18,0
Alabama,AL,2020-02-19,0
Alabama,AL,2020-02-20,0
Alabama,AL,2020-02-21,0
Alabama,AL,2020-02-22,0
Alabama,AL,2020-02-23,0
Alabama,AL,2020-02-24,0
Alabama,AL,2020-02-25,0
Alabama,AL,2020-02-26,0
Alabama,AL,2020-02-27,0
Alabama,AL,2020-02-28,0
Alabama,AL,2020-02-29,0
Alabama,AL,2020-03-01,0
Alabama,AL,2020-03-02,0
Alabama,AL,2020-03-03,0
Alabama,AL,2020-03-04,0
Alabama,AL,2020-03-05,0
Alabama,AL,2020-03-06,0
Alabama,AL,2020-03-07,0
Alabama,AL,2020-03-08,0
Alabama,AL,2020-03-09,0
Alabama,AL,2020-03-10,0
Alabama,AL,2020-03-11,0
Alabama,AL,2020-03-12,0
Alabama,AL,2020-03-13,5
Alabama,AL,2020-03-14,6
Alabama,AL,2020-03-15,12
Alabama,AL,2020-03-16,29
Alabama,AL,2020-03-17,39
Alabama,AL,2020-03-18,46
Alabama,AL,2020-03-19,78
Alabama,AL,2020-03-20,83
Alabama,AL,2020-03-21,131
Alabama,AL,2020-03-22,138
Alaska,AK,2020-01-22,0
Alaska,AK,2020-01-23,0
Alaska,AK,2020-01-24,0
Alaska,AK,2020-01-25,0
Alaska,AK,2020-01-26,0
Alaska,AK,2020-01-27,0
Alaska,AK,2020-01-28,0
Alaska,AK,2020-01-29,0
Alaska,AK,2020-01-30,0
Alaska,AK,2020-01-31,0
Alaska,AK,2020-02-01,0
Alaska,AK,2020-02-02,0
Alaska,AK,2020-02-03,0
Alaska,AK,2020-02-04,0
Alaska,AK,2020-02-05,0
Alaska,AK,2020-02-06,0
Alaska,AK,2020-02-07,0
Alaska,AK,2020-02-08,0
Alaska,AK,2020-02-09,0
Alaska,AK,2020-02-10,0
Alaska,AK,2020-02-11,0
Alaska,AK,2020-02-12,0
Alaska,AK,2020-02-13,0
Alaska,AK,2020-02-14,0
Alaska,AK,2020-02-15,0
Alaska,AK,2020-02-16,0
Alaska,AK,2020-02-17,0
Alaska,AK,2020-02-18,0
Alaska,AK,2020-02-19,0
Alaska,AK,2020-02-20,0
Alaska,AK,2020-02-21,0
Alaska,AK,2020-02-22,0
Alaska,AK,2020-02-23,0
Alaska,AK,2020-02-24,0
Alaska,AK,2020-02-25,0
Alaska,AK,2020-02-26,0
Alaska,AK,2020-02-27,0
Alaska,AK,2020-02-28,0
Alaska,AK,2020-02-29,0
Alaska,AK,2020-03-01,0
Alaska,AK,2020-03-02,0
Alaska,AK,2020-03-03,0
Alaska,AK,2020-03-04,0
Alaska,AK,2020-03-05,0
Alaska,AK,2020-03-06,0
Alaska,AK,2020-03-07,0
Alaska,AK,2020-03-08,0
Alaska,AK,2020-03-09,0
Alaska,AK,2020-03-10,0
Alaska,AK,2020-03-11,0
Alaska,AK,2020-03-12,0
Alaska,AK,2020-03-13,1
Alaska,AK,2020-03-14,1
Alaska,AK,2020-03-15,1
Alaska,AK,2020-03-16,1
Alaska,AK,2020-03-17,3
Alaska,AK,2020-03-18,6
Alaska,AK,2020-03-19,9
Alaska,AK,2020-03-20,12
Alaska,AK,2020-03-21,15
Alaska,AK,2020-03-22,21
Arizona,AZ,2020-01-22,0
Arizona,AZ,2020-01-23,0
Arizona,AZ,2020-01-24,0
Arizona,AZ,2020-01-25,0
Arizona,AZ,2020-01-26,0
Arizona,AZ,2020-01-27,0
Arizona,AZ,2020-01-28,0
Arizona,AZ,2020-01-29,0
Arizona,AZ,2020-01-30,0
Arizona,AZ,2020-01-31,0
Arizona,AZ,2020-02-01,0
Arizona,AZ,2020-02-02,0
Arizona,AZ,2020-02-03,0
Arizona,AZ,2020-02-04,0
Arizona,AZ,2020-02-05,0
Arizona,AZ,2020-02-06,0
Arizona,AZ,2020-02-07,0
Arizona,AZ,2020-02-08,0
Arizona,AZ,2020-02-09,0
Arizona,AZ,2020-02-10,0
Arizona,AZ,2020-02-11,0
Arizona,AZ,2020-02-12,0
Arizona,AZ,2020-02-13,0
Arizona,AZ,2020-02-14,0
Arizona,AZ,2020-02-15,0
Arizona,AZ,2020-02-16,0
Arizona,AZ,2020-02-17,0
Arizona,AZ,2020-02-18,0
Arizona,AZ,2020-02-19,0
Arizona,AZ,2020-02-20,0
Arizona,AZ,2020-02-21,0
Arizona,AZ,2020-02-22,0
Arizona,AZ,2020-02-23,0
Arizona,AZ,2020-02-24,0
Arizona,AZ,2020-02-25,0
Arizona,AZ,2020-02-26,0
Arizona,AZ,2020-02-27,0
Arizona,AZ,2020-02-28,0
Arizona,AZ,2020-02-29,0
Arizona,AZ,2020-03-01,0
Arizona,AZ,2020-03-02,0
Arizona,AZ,2020-03-03,0
Arizona,AZ,2020-03-04,0
Arizona,AZ,2020-03-05,0
Arizona,AZ,2020-03-06,0
Arizona,AZ,2020-03-07,0
Arizona,AZ,2020-03-08,0
Arizona,AZ,2020-03-09,0
Arizona,AZ,2020-03-10,6
Arizona,AZ,2020-03-11,9
Arizona,AZ,2020-03-12,9
Arizona,AZ,2020-03-13,9
Arizona,AZ,2020-03-14,12
Arizona,AZ,2020-03-15,13
Arizona,AZ,2020-03-16,18
Arizona,AZ,2020-03-17,20
Arizona,AZ,2020-03-18,27
Arizona,AZ,2020-03-19,45
Arizona,AZ,2020-03-20,78
Arizona,AZ,2020-03-21,118
Arizona,AZ,2020-03-22,152
Arkansas,AR,2020-01-22,0
Arkansas,AR,2020-01-23,0
Arkansas,AR,2020-01-24,0
Arkansas,AR,2020-01-25,0
Arkansas,AR,2020-01-26,0
Arkansas,AR,2020-01-27,0
Arkansas,AR,2020-01-28,0
Arkansas,AR,2020-01-29,0
Arkansas,AR,2020-01-30,0
Arkansas,AR,2020-01-31,0
Arkansas,AR,2020-02-01,0
Arkansas,AR,2020-02-02,0
Arkansas,AR,2020-02-03,0
Arkansas,AR,2020-02-04,0
Arkansas,AR,2020-02-05,0
Arkansas,AR,2020-02-06,0
Arkansas,AR,2020-02-07,0
Arkansas,AR,2020-02-08,0
Arkansas,AR,2020-02-09,0
Arkansas,AR,2020-02-10,0
Arkansas,AR,2020-02-11,0
Arkansas,AR,2020-02-12,0
Arkansas,AR,2020-02-13,0
Arkansas,AR,2020-02-14,0
Arkansas,AR,2020-02-15,0
Arkansas,AR,2020-02-16,0
Arkansas,AR,2020-02-17,0
Arkansas,AR,2020-02-18,0
Arkansas,AR,2020-02-19,0
Arkansas,AR,2020-02-20,0
Arkansas,AR,2020-02-21,0
Arkansas,AR,2020-02-22,0
Arkansas,AR,2020-02-23,0
Arkansas,AR,2020-02-24,0
Arkansas,AR,2020-02-25,0
Arkansas,AR,2020-02-26,0
Arkansas,AR,2020-02-27,0
Arkansas,AR,2020-02-28,0
Arkansas,AR,2020-02-29,0
Arkansas,AR,2020-03-01,0
Arkansas,AR,2020-03-02,0
Arkansas,AR,2020-03-03,0
Arkansas,AR,2020-03-04,0
Arkansas,AR,2020-03-05,0
Arkansas,AR,2020-03-06,0
Arkansas,AR,2020-03-07,0
Arkansas,AR,2020-03-08,0
Arkansas,AR,2020-03-09,0
Arkansas,AR,2020-03-10,0
Arkansas,AR,2020-03-11,1
Arkansas,AR,2020-03-12,6
Arkansas,AR,2020-03-13,6
Arkansas,AR,2020-03-14,12
Arkansas,AR,2020-03-15,16
Arkansas,AR,2020-03-16,22
Arkansas,AR,2020-03-17,22
Arkansas,AR,2020-03-18,33
Arkansas,AR,2020-03-19,62
Arkansas,AR,2020-03-20,96
Arkansas,AR,2020-03-21,122
Arkansas,AR,2020-03-22,165
California,CA,2020-01-22,0
California,CA,2020-01-23,0
California,CA,2020-01-24,0
California,CA,2020-01-25,0
California,CA,2020-01-26,0
California,CA,2020-01-27,0
California,CA,2020-01-28,0
California,CA,2020-01-29,0
California,CA,2020-01-30,0
California,CA,2020-01-31,0
California,CA,2020-02-01,0
California,CA,2020-02-02,0
California,CA,2020-02-03,0
California,CA,2020-02-04,0
California,CA,2020-02-05,0
California,CA,2020-02-06,0
California,CA,2020-02-07,0
California,CA,2020-02-08,0
California,CA,2020-02-09,0
California,CA,2020-02-10,0
California,CA,2020-02-11,0
California,CA,2020-02-12,0
California,CA,2020-02-13,0
California,CA,2020-02-14,0
California,CA,2020-02-15,0
California,CA,2020-02-16,0
California,CA,2020-02-17,0
California,CA,2020-02-18,0
California,CA,2020-02-19,0
California,CA,2020-02-20,0
California,CA,2020-02-21,0
California,CA,2020-02-22,0
California,CA,2020-02-23,0
California,CA,2020-02-24,0
California,CA,2020-02-25,0
California,CA,2020-02-26,0
California,CA,2020-02-27,0
California,CA,2020-02-28,0
California,CA,2020-02-29,0
California,CA,2020-03-01,0
California,CA,2020-03-02,0
California,CA,2020-03-03,0
California,CA,2020-03-04,0
California,CA,2020-03-05,0
California,CA,2020-03-06,0
California,CA,2020-03-07,0
California,CA,2020-03-08,0
California,CA,2020-03-09,0
California,CA,2020-03-10,144
California,CA,2020-03-11,177
California,CA,2020-03-12,221
California,CA,2020-03-13,282
California,CA,2020-03-14,340
California,CA,2020-03-15,426
California,CA,2020-03-16,557
California,CA,2020-03-17,698
California,CA,2020-03-18,751
California,CA,2020-03-19,952
California,CA,2020-03-20,1177
California,CA,2020-03-21,1364
California,CA,2020-03-22,1642
Colorado,CO,2020-01-22,0
Colorado,CO,2020-01-23,0
Colorado,CO,2020-01-24,0
Colorado,CO,2020-01-25,0
Colorado,CO,2020-01-26,0
Colorado,CO,2020-01-27,0
Colorado,CO,2020-01-28,0
Colorado,CO,2020-01-29,0
Colorado,CO,2020-01-30,0
Colorado,CO,2020-01-31,0
Colorado,CO,2020-02-01,0
Colorado,CO,2020-02-02,0
Colorado,CO,2020-02-03,0
Colorado,CO,2020-02-04,0
Colorado,CO,2020-02-05,0
Colorado,CO,2020-02-06,0
Colorado,CO,2020-02-07,0
Colorado,CO,2020-02-08,0
Colorado,CO,2020-02-09,0
Colorado,CO,2020-02-10,0
Colorado,CO,2020-02-11,0
Colorado,CO,2020-02-12,0
Colorado,CO,2020-02-13,0
Colorado,CO,2020-02-14,0
Colorado,CO,2020-02-15,0
Colorado,CO,2020-02-16,0
Colorado,CO,2020-02-17,0
Colorado,CO,2020-02-18,0
Colorado,CO,2020-02-19,0
Colorado,CO,2020-02-20,0
Colorado,CO,2020-02-21,0
Colorado,CO,2020-02-22,0
Colorado,CO,2020-02-23,0
Colorado,CO,2020-02-24,0
Colorado,CO,2020-02-25,0
Colorado,CO,2020-02-26,0
Colorado,CO,2020-02-27,0
Colorado,CO,2020-02-28,0
Colorado,CO,2020-02-29,0
Colorado,CO,2020-03-01,0
Colorado,CO,2020-03-02,0
Colorado,CO,2020-03-03,0
Colorado,CO,2020-03-04,0
Colorado,CO,2020-03-05,0
Colorado,CO,2020-03-06,0
Colorado,CO,2020-03-07,0
Colorado,CO,2020-03-08,0
Colorado,CO,2020-03-09,0
Colorado,CO,2020-03-10,15
Colorado,CO,2020-03-11,34
Colorado,CO,2020-03-12,45
Colorado,CO,2020-03-13,49
Colorado,CO,2020-03-14,101
Colorado,CO,2020-03-15,131
Colorado,CO,2020-03-16,160
Colorado,CO,2020-03-17,160
Colorado,CO,2020-03-18,184
Colorado,CO,2020-03-19,277
Colorado,CO,2020-03-20,363
Colorado,CO,2020-03-21,390
Colorado,CO,2020-03-22,476
Connecticut,CT,2020-01-22,0
Connecticut,CT,2020-01-23,0
Connecticut,CT,2020-01-24,0
Connecticut,CT,2020-01-25,0
Connecticut,CT,2020-01-26,0
Connecticut,CT,2020-01-27,0
Connecticut,CT,2020-01-28,0
Connecticut,CT,2020-01-29,0
Connecticut,CT,2020-01-30,0
Connecticut,CT,2020-01-31,0
Connecticut,CT,2020-02-01,0
Connecticut,CT,2020-02-02,0
Connecticut,CT,2020-02-03,0
Connecticut,CT,2020-02-04,0
Connecticut,CT,2020-02-05,0
Connecticut,CT,2020-02-06,0
Connecticut,CT,2020-02-07,0
Connecticut,CT,2020-02-08,0
Connecticut,CT,2020-02-09,0
Connecticut,CT,2020-02-10,0
Connecticut,CT,2020-02-11,0
Connecticut,CT,2020-02-12,0
Connecticut,CT,2020-02-13,0
Connecticut,CT,2020-02-14,0
Connecticut,CT,2020-02-15,0
Connecticut,CT,2020-02-16,0
Connecticut,CT,2020-02-17,0
Connecticut,CT,2020-02-18,0
Connecticut,CT,2020-02-19,0
Connecticut,CT,2020-02-20,0
Connecticut,CT,2020-02-21,0
Connecticut,CT,2020-02-22,0
Connecticut,CT,2020-02-23,0
Connecticut,CT,2020-02-24,0
Connecticut,CT,2020-02-25,0
Connecticut,CT,2020-02-26,0
Connecticut,CT,2020-02-27,0
Connecticut,CT,2020-02-28,0
Connecticut,CT,2020-02-29,0
Connecticut,CT,2020-03-01,0
Connecticut,CT,2020-03-02,0
Connecticut,CT,2020-03-03,0
Connecticut,CT,2020-03-04,0
Connecticut,CT,2020-03-05,0
Connecticut,CT,2020-03-06,0
Connecticut,CT,2020-03-07,0
Connecticut,CT,2020-03-08,0
Connecticut,CT,2020-03-09,0
Connecticut,CT,2020-03-10,2
Connecticut,CT,2020-03-11,3
Connecticut,CT,2020-03-12,5
Connecticut,CT,2020-03-13,11
Connecticut,CT,2020-03-14,22
Connecticut,CT,2020-03-15,24
Connecticut,CT,2020-03-16,30
Connecticut,CT,2020-03-17,68
Connecticut,CT,2020-03-18,68
Connecticut,CT,2020-03-19,159
Connecticut,CT,2020-03-20,194
Connecticut,CT,2020-03-21,194
Connecticut,CT,2020-03-22,223
Delaware,DE,2020-01-22,0
Delaware,DE,2020-01-23,0
Delaware,DE,2020-01-24,0
Delaware,DE,2020-01-25,0
Delaware,DE,2020-01-26,0
Delaware,DE,2020-01-27,0
Delaware,DE,2020-01-28,0
Delaware,DE,2020-01-29,0
Delaware,DE,2020-01-30,0
Delaware,DE,2020-01-31,0
Delaware,DE,2020-02-01,0
Delaware,DE,2020-02-02,0
Delaware,DE,2020-02-03,0
Delaware,DE,2020-02-04,0
Delaware,DE,2020-02-05,0
Delaware,DE,2020-02-06,0
Delaware,DE,2020-02-07,0
Delaware,DE,2020-02-08,0
Delaware,DE,2020-02-09,0
Delaware,DE,2020-02-10,0
Delaware,DE,2020-02-11,0
Delaware,DE,2020-02-12,0
Delaware,DE,2020-02-13,0
Delaware,DE,2020-02-14,0
Delaware,DE,2020-02-15,0
Delaware,DE,2020-02-16,0
Delaware,DE,2020-02-17,0
Delaware,DE,2020-02-18,0
Delaware,DE,2020-02-19,0
Delaware,DE,2020-02-20,0
Delaware,DE,2020-02-21,0
Delaware,DE,2020-02-22,0
Delaware,DE,2020-02-23,0
Delaware,DE,2020-02-24,0
Delaware,DE,2020-02-25,0
Delaware,DE,2020-02-26,0
Delaware,DE,2020-02-27,0
Delaware,DE,2020-02-28,0
Delaware,DE,2020-02-29,0
Delaware,DE,2020-03-01,0
Delaware,DE,2020-03-02,0
Delaware,DE,2020-03-03,0
Delaware,DE,2020-03-04,0
Delaware,DE,2020-03-05,0
Delaware,DE,2020-03-06,0
Delaware,DE,2020-03-07,0
Delaware,DE,2020-03-08,0
Delaware,DE,2020-03-09,0
Delaware,DE,2020-03-10,0
Delaware,DE,2020-03-11,1
Delaware,DE,2020-03-12,1
Delaware,DE,2020-03-13,4
Delaware,DE,2020-03-14,6
Delaware,DE,2020-03-15,7
Delaware,DE,2020-03-16,8
Delaware,DE,2020-03-17,16
Delaware,DE,2020-03-18,19
Delaware,DE,2020-03-19,30
Delaware,DE,2020-03-20,38
Delaware,DE,2020-03-21,45
Delaware,DE,2020-03-22,47
District of Columbia,DC,2020-01-22,0
District of Columbia,DC,2020-01-23,0
District of Columbia,DC,2020-01-24,0
District of Columbia,DC,2020-01-25,0
District of Columbia,DC,2020-01-26,0
District of Columbia,DC,2020-01-27,0
District of Columbia,DC,2020-01-28,0
District of Columbia,DC,2020-01-29,0
District of Columbia,DC,2020-01-30,0
District of Columbia,DC,2020-01-31,0
District of Columbia,DC,2020-02-01,0
District of Columbia,DC,2020-02-02,0
District of Columbia,DC,2020-02-03,0
District of Columbia,DC,2020-02-04,0
District of Columbia,DC,2020-02-05,0
District of Columbia,DC,2020-02-06,0
District of Columbia,DC,2020-02-07,0
District of Columbia,DC,2020-02-08,0
District of Columbia,DC,2020-02-09,0
District of Columbia,DC,2020-02-10,0
District of Columbia,DC,2020-02-11,0
District of Columbia,DC,2020-02-12,0
District of Columbia,DC,2020-02-13,0
District of Columbia,DC,2020-02-14,0
District of Columbia,DC,2020-02-15,0
District of Columbia,DC,2020-02-16,0
District of Columbia,DC,2020-02-17,0
District of Columbia,DC,2020-02-18,0
District of Columbia,DC,2020-02-19,0
District of Columbia,DC,2020-02-20,0
District of Columbia,DC,2020-02-21,0
District of Columbia,DC,2020-02-22,0
District of Columbia,DC,2020-02-23,0
District of Columbia,DC,2020-02-24,0
District of Columbia,DC,2020-02-25,0
District of Columbia,DC,2020-02-26,0
District of Columbia,DC,2020-02-27,0
District of Columbia,DC,2020-02-28,0
District of Columbia,DC,2020-02-29,0
District of Columbia,DC,2020-03-01,0
District of Columbia,DC,2020-03-02,0
District of Columbia,DC,2020-03-03,0
District of Columbia,DC,2020-03-04,0
District of Columbia,DC,2020-03-05,0
District of Columbia,DC,2020-03-06,0
District of Columbia,DC,2020-03-07,0
District of Columbia,DC,2020-03-08,0
District of Columbia,DC,2020-03-09,0
District of Columbia,DC,2020-03-10,5
District of Columbia,DC,2020-03-11,10
District of Columbia,DC,2020-03-12,10
District of Columbia,DC,2020-03-13,10
District of Columbia,DC,2020-03-14,10
District of Columbia,DC,2020-03-15,16
District of Columbia,DC,2020-03-16,22
District of Columbia,DC,2020-03-17,22
District of Columbia,DC,2020-03-18,31
District of Columbia,DC,2020-03-19,40
District of Columbia,DC,2020-03-20,71
District of Columbia,DC,2020-03-21,77
District of Columbia,DC,2020-03-22,102
Florida,FL,2020-01-22,0
Florida,FL,2020-01-23,0
Florida,FL,2020-01-24,0
Florida,FL,2020-01-25,0
Florida,FL,2020-01-26,0
Florida,FL,2020-01-27,0
Florida,FL,2020-01-28,0
Florida,FL,2020-01-29,0
Florida,FL,2020-01-30,0
Florida,FL,2020-01-31,0
Florida,FL,2020-02-01,0
Florida,FL,2020-02-02,0
Florida,FL,2020-02-03,0
Florida,FL,2020-02-04,0
Florida,FL,2020-02-05,0
Florida,FL,2020-02-06,0
Florida,FL,2020-02-07,0
Florida,FL,2020-02-08,0
Florida,FL,2020-02-09,0
Florida,FL,2020-02-10,0
Florida,FL,2020-02-11,0
Florida,FL,2020-02-12,0
Florida,FL,2020-02-13,0
Florida,FL,2020-02-14,0
Florida,FL,2020-02-15,0
Florida,FL,2020-02-16,0
Florida,FL,2020-02-17,0
Florida,FL,2020-02-18,0
Florida,FL,2020-02-19,0
Florida,FL,2020-02-20,0
Florida,FL,2020-02-21,0
Florida,FL,2020-02-22,0
Florida,FL,2020-02-23,0
Florida,FL,2020-02-24,0
Florida,FL,2020-02-25,0
Florida,FL,2020-02-26,0
Florida,FL,2020-02-27,0
Florida,FL,2020-02-28,0
Florida,FL,2020-02-29,0
Florida,FL,2020-03-01,0
Florida,FL,2020-03-02,0
Florida,FL,2020-03-03,0
Florida,FL,2020-03-04,0
Florida,FL,2020-03-05,0
Florida,FL,2020-03-06,0
Florida,FL,2020-03-07,0
Florida,FL,2020-03-08,0
Florida,FL,2020-03-09,0
Florida,FL,2020-03-10,15
Florida,FL,2020-03-11,28
Florida,FL,2020-03-12,35
Florida,FL,2020-03-13,50
Florida,FL,2020-03-14,76
Florida,FL,2020-03-15,115
Florida,FL,2020-03-16,155
Florida,FL,2020-03-17,216
Florida,FL,2020-03-18,314
Florida,FL,2020-03-19,417
Florida,FL,2020-03-20,563
Florida,FL,2020-03-21,659
Florida,FL,2020-03-22,830
Georgia,GA,2020-01-22,0
Georgia,GA,2020-01-23,0
Georgia,GA,2020-01-24,0
Georgia,GA,2020-01-25,0
Georgia,GA,2020-01-26,0
Georgia,GA,2020-01-27,0
Georgia,GA,2020-01-28,0
Georgia,GA,2020-01-29,0
Georgia,GA,2020-01-30,0
Georgia,GA,2020-01-31,0
Georgia,GA,2020-02-01,0
Georgia,GA,2020-02-02,0
Georgia,GA,2020-02-03,0
Georgia,GA,2020-02-04,0
Georgia,GA,2020-02-05,0
Georgia,GA,2020-02-06,0
Georgia,GA,2020-02-07,0
Georgia,GA,2020-02-08,0
Georgia,GA,2020-02-09,0
Georgia,GA,2020-02-10,0
Georgia,GA,2020-02-11,0
Georgia,GA,2020-02-12,0
Georgia,GA,2020-02-13,0
Georgia,GA,2020-02-14,0
Georgia,GA,2020-02-15,0
Georgia,GA,2020-02-16,0
Georgia,GA,2020-02-17,0
Georgia,GA,2020-02-18,0
Georgia,GA,2020-02-19,0
Georgia,GA,2020-02-20,0
Georgia,GA,2020-02-21,0
Georgia,GA,2020-02-22,0
Georgia,GA,2020-02-23,0
Georgia,GA,2020-02-24,0
Georgia,GA,2020-02-25,0
Georgia,GA,2020-02-26,0
Georgia,GA,2020-02-27,0
Georgia,GA,2020-02-28,0
Georgia,GA,2020-02-29,0
Georgia,GA,2020-03-01,0
Georgia,GA,2020-03-02,0
Georgia,GA,2020-03-03,0
Georgia,GA,2020-03-04,0
Georgia,GA,2020-03-05,0
Georgia,GA,2020-03-06,0
Georgia,GA,2020-03-07,0
Georgia,GA,2020-03-08,0
Georgia,GA,2020-03-09,0
Georgia,GA,2020-03-10,17
Georgia,GA,2020-03-11,23
Georgia,GA,2020-03-12,31
Georgia,GA,2020-03-13,42
Georgia,GA,2020-03-14,66
Georgia,GA,2020-03-15,99
Georgia,GA,2020-03-16,121
Georgia,GA,2020-03-17,146
Georgia,GA,2020-03-18,199
Georgia,GA,2020-03-19,287
Georgia,GA,2020-03-20,420
Georgia,GA,2020-03-21,507
Georgia,GA,2020-03-22,600
Hawaii,HI,2020-01-22,0
Hawaii,HI,2020-01-23,0
Hawaii,HI,2020-01-24,0
Hawaii,HI,2020-01-25,0
Hawaii,HI,2020-01-26,0
Hawaii,HI,2020-01-27,0
Hawaii,HI,2020-01-28,0
Hawaii,HI,2020-01-29,0
Hawaii,HI,2020-01-30,0
Hawaii,HI,2020-01-31,0
Hawaii,HI,2020-02-01,0
Hawaii,HI,2020-02-02,0
Hawaii,HI,2020-02-03,0
Hawaii,HI,2020-02-04,0
Hawaii,HI,2020-02-05,0
Hawaii,HI,2020-02-06,0
Hawaii,HI,2020-02-07,0
Hawaii,HI,2020-02-08,0
Hawaii,HI,2020-02-09,0
Hawaii,HI,2020-02-10,0
Hawaii,HI,2020-02-11,0
Hawaii,HI,2020-02-12,0
Hawaii,HI,2020-02-13,0
Hawaii,HI,2020-02-14,0
Hawaii,HI,2020-02-15,0
Hawaii,HI,2020-02-16,0
Hawaii,HI,2020-02-17,0
Hawaii,HI,2020-02-18,0
Hawaii,HI,2020-02-19,0
Hawaii,HI,2020-02-20,0
Hawaii,HI,2020-02-21,0
Hawaii,HI,2020-02-22,0
Hawaii,HI,2020-02-23,0
Hawaii,HI,2020-02-24,0
Hawaii,HI,2020-02-25,0
Hawaii,HI,2020-02-26,0
Hawaii,HI,2020-02-27,0
Hawaii,HI,2020-02-28,0
Hawaii,HI,2020-02-29,0
Hawaii,HI,2020-03-01,0
Hawaii,HI,2020-03-02,0
Hawaii,HI,2020-03-03,0
Hawaii,HI,2020-03-04,0
Hawaii,HI,2020-03-05,0
Hawaii,HI,2020-03-06,0
Hawaii,HI,2020-03-07,0
Hawaii,HI,2020-03-08,0
Hawaii,HI,2020-03-09,0
Hawaii,HI,2020-03-10,2
Hawaii,HI,2020-03-11,2
Hawaii,HI,2020-03-12,2
Hawaii,HI,2020-03-13,2
Hawaii,HI,2020-03-14,4
Hawaii,HI,2020-03-15,6
Hawaii,HI,2020-03-16,7
Hawaii,HI,2020-03-17,10
Hawaii,HI,2020-03-18,14
Hawaii,HI,2020-03-19,16
Hawaii,HI,2020-03-20,26
Hawaii,HI,2020-03-21,37
Hawaii,HI,2020-03-22,48
Idaho,ID,2020-01-22,0
Idaho,ID,2020-01-23,0
Idaho,ID,2020-01-24,0
Idaho,ID,2020-01-25,0
Idaho,ID,2020-01-26,0
Idaho,ID,2020-01-27,0
Idaho,ID,2020-01-28,0
Idaho,ID,2020-01-29,0
Idaho,ID,2020-01-30,0
Idaho,ID,2020-01-31,0
Idaho,ID,2020-02-01,0
Idaho,ID,2020-02-02,0
Idaho,ID,2020-02-03,0
Idaho,ID,2020-02-04,0
Idaho,ID,2020-02-05,0
Idaho,ID,2020-02-06,0
Idaho,ID,2020-02-07,0
Idaho,ID,2020-02-08,0
Idaho,ID,2020-02-09,0
Idaho,ID,2020-02-10,0
Idaho,ID,2020-02-11,0
Idaho,ID,2020-02-12,0
Idaho,ID,2020-02-13,0
Idaho,ID,2020-02-14,0
Idaho,ID,2020-02-15,0
Idaho,ID,2020-02-16,0
Idaho,ID,2020-02-17,0
Idaho,ID,2020-02-18,0
Idaho,ID,2020-02-19,0
Idaho,ID,2020-02-20,0
Idaho,ID,2020-02-21,0
Idaho,ID,2020-02-22,0
Idaho,ID,2020-02-23,0
Idaho,ID,2020-02-24,0
Idaho,ID,2020-02-25,0
Idaho,ID,2020-02-26,0
Idaho,ID,2020-02-27,0
Idaho,ID,2020-02-28,0
Idaho,ID,2020-02-29,0
Idaho,ID,2020-03-01,0
Idaho,ID,2020-03-02,0
Idaho,ID,2020-03-03,0
Idaho,ID,2020-03-04,0
Idaho,ID,2020-03-05,0
Idaho,ID,2020-03-06,0
Idaho,ID,2020-03-07,0
Idaho,ID,2020-03-08,0
Idaho,ID,2020-03-09,0
Idaho,ID,2020-03-10,0
Idaho,ID,2020-03-11,0
Idaho,ID,2020-03-12,0
Idaho,ID,2020-03-13,1
Idaho,ID,2020-03-14,2
Idaho,ID,2020-03-15,5
Idaho,ID,2020-03-16,5
Idaho,ID,2020-03-17,8
Idaho,ID,2020-03-18,9
Idaho,ID,2020-03-19,11
Idaho,ID,2020-03-20,23
Idaho,ID,2020-03-21,36
Idaho,ID,2020-03-22,42
Illinois,IL,2020-01-22,0
Illinois,IL,2020-01-23,0
Illinois,IL,2020-01-24,0
Illinois,IL,2020-01-25,0
Illinois,IL,2020-01-26,0
Illinois,IL,2020-01-27,0
Illinois,IL,2020-01-28,0
Illinois,IL,2020-01-29,0
Illinois,IL,2020-01-30,0
Illinois,IL,2020-01-31,0
Illinois,IL,2020-02-01,0
Illinois,IL,2020-02-02,0
Illinois,IL,2020-02-03,0
Illinois,IL,2020-02-04,0
Illinois,IL,2020-02-05,0
Illinois,IL,2020-02-06,0
Illinois,IL,2020-02-07,0
Illinois,IL,2020-02-08,0
Illinois,IL,2020-02-09,0
Illinois,IL,2020-02-10,0
Illinois,IL,2020-02-11,0
Illinois,IL,2020-02-12,0
Illinois,IL,2020-02-13,0
Illinois,IL,2020-02-14,0
Illinois,IL,2020-02-15,0
Illinois,IL,2020-02-16,0
Illinois,IL,2020-02-17,0
Illinois,IL,2020-02-18,0
Illinois,IL,2020-02-19,0
Illinois,IL,2020-02-20,0
Illinois,IL,2020-02-21,0
Illinois,IL,2020-02-22,0
Illinois,IL,2020-02-23,0
Illinois,IL,2020-02-24,0
Illinois,IL,2020-02-25,0
Illinois,IL,2020-02-26,0
Illinois,IL,2020-02-27,0
Illinois,IL,2020-02-28,0
Illinois,IL,2020-02-29,0
Illinois,IL,2020-03-01,0
Illinois,IL,2020-03-02,0
Illinois,IL,2020-03-03,0
Illinois,IL,2020-03-04,0
Illinois,IL,2020-03-05,0
Illinois,IL,2020-03-06,0
Illinois,IL,2020-03-07,0
Illinois,IL,2020-03-08,0
Illinois,IL,2020-03-09,0
Illinois,IL,2020-03-10,12
Illinois,IL,2020-03-11,25
Illinois,IL,2020-03-12,32
Illinois,IL,2020-03-13,46
Illinois,IL,2020-03-14,64
Illinois,IL,2020-03-15,93
Illinois,IL,2020-03-16,105
Illinois,IL,2020-03-17,161
Illinois,IL,2020-03-18,162
Illinois,IL,2020-03-19,422
Illinois,IL,2020-03-20,585
Illinois,IL,2020-03-21,753
Illinois,IL,2020-03-22,1049
Indiana,IN,2020-01-22,0
Indiana,IN,2020-01-23,0
Indiana,IN,2020-01-24,0
Indiana,IN,2020-01-25,0
Indiana,IN,2020-01-26,0
Indiana,IN,2020-01-27,0
Indiana,IN,2020-01-28,0
Indiana,IN,2020-01-29,0
Indiana,IN,2020-01-30,0
Indiana,IN,2020-01-31,0
Indiana,IN,2020-02-01,0
Indiana,IN,2020-02-02,0
Indiana,IN,2020-02-03,0
Indiana,IN,2020-02-04,0
Indiana,IN,2020-02-05,0
Indiana,IN,2020-02-06,0
Indiana,IN,2020-02-07,0
Indiana,IN,2020-02-08,0
Indiana,IN,2020-02-09,0
Indiana,IN,2020-02-10,0
Indiana,IN,2020-02-11,0
Indiana,IN,2020-02-12,0
Indiana,IN,2020-02-13,0
Indiana,IN,2020-02-14,0
Indiana,IN,2020-02-15,0
Indiana,IN,2020-02-16,0
Indiana,IN,2020-02-17,0
Indiana,IN,2020-02-18,0
Indiana,IN,2020-02-19,0
Indiana,IN,2020-02-20,0
Indiana,IN,2020-02-21,0
Indiana,IN,2020-02-22,0
Indiana,IN,2020-02-23,0
Indiana,IN,2020-02-24,0
Indiana,IN,2020-02-25,0
Indiana,IN,2020-02-26,0
Indiana,IN,2020-02-27,0
Indiana,IN,2020-02-28,0
Indiana,IN,2020-02-29,0
Indiana,IN,2020-03-01,0
Indiana,IN,2020-03-02,0
Indiana,IN,2020-03-03,0
Indiana,IN,2020-03-04,0
Indiana,IN,2020-03-05,0
Indiana,IN,2020-03-06,0
Indiana,IN,2020-03-07,0
Indiana,IN,2020-03-08,0
Indiana,IN,2020-03-09,0
Indiana,IN,2020-03-10,6
Indiana,IN,2020-03-11,11
Indiana,IN,2020-03-12,13
Indiana,IN,2020-03-13,13
Indiana,IN,2020-03-14,16
Indiana,IN,2020-03-15,20
Indiana,IN,2020-03-16,25
Indiana,IN,2020-03-17,30
Indiana,IN,2020-03-18,39
Indiana,IN,2020-03-19,60
Indiana,IN,2020-03-20,86
Indiana,IN,2020-03-21,128
Indiana,IN,2020-03-22,201
Iowa,IA,2020-01-22,0
Iowa,IA,2020-01-23,0
Iowa,IA,2020-01-24,0
Iowa,IA,2020-01-25,0
Iowa,IA,2020-01-26,0
Iowa,IA,2020-01-27,0
Iowa,IA,2020-01-28,0
Iowa,IA,2020-01-29,0
Iowa,IA,2020-01-30,0
Iowa,IA,2020-01-31,0
Iowa,IA,2020-02-01,0
Iowa,IA,2020-02-02,0
Iowa,IA,2020-02-03,0
Iowa,IA,2020-02-04,0
Iowa,IA,2020-02-05,0
Iowa,IA,2020-02-06,0
Iowa,IA,2020-02-07,0
Iowa,IA,2020-02-08,0
Iowa,IA,2020-02-09,0
Iowa,IA,2020-02-10,0
Iowa,IA,2020-02-11,0
Iowa,IA,2020-02-12,0
Iowa,IA,2020-02-13,0
Iowa,IA,2020-02-14,0
Iowa,IA,2020-02-15,0
Iowa,IA,2020-02-16,0
Iowa,IA,2020-02-17,0
Iowa,IA,2020-02-18,0
Iowa,IA,2020-02-19,0
Iowa,IA,2020-02-20,0
Iowa,IA,2020-02-21,0
Iowa,IA,2020-02-22,0
Iowa,IA,2020-02-23,0
Iowa,IA,2020-02-24,0
Iowa,IA,2020-02-25,0
Iowa,IA,2020-02-26,0
Iowa,IA,2020-02-27,0
Iowa,IA,2020-02-28,0
Iowa,IA,2020-02-29,0
Iowa,IA,2020-03-01,0
Iowa,IA,2020-03-02,0
Iowa,IA,2020-03-03,0
Iowa,IA,2020-03-04,0
Iowa,IA,2020-03-05,0
Iowa,IA,2020-03-06,0
Iowa,IA,2020-03-07,0
Iowa,IA,2020-03-08,0
Iowa,IA,2020-03-09,0
Iowa,IA,2020-03-10,8
Iowa,IA,2020-03-11,13
Iowa,IA,2020-03-12,16
Iowa,IA,2020-03-13,17
Iowa,IA,2020-03-14,17
Iowa,IA,2020-03-15,18
Iowa,IA,2020-03-16,23
Iowa,IA,2020-03-17,23
Iowa,IA,2020-03-18,29
Iowa,IA,2020-03-19,44
Iowa,IA,2020-03-20,45
Iowa,IA,2020-03-21,68
Iowa,IA,2020-03-22,90
Kansas,KS,2020-01-22,0
Kansas,KS,2020-01-23,0
Kansas,KS,2020-01-24,0
Kansas,KS,2020-01-25,0
Kansas,KS,2020-01-26,0
Kansas,KS,2020-01-27,0
Kansas,KS,2020-01-28,0
Kansas,KS,2020-01-29,0
Kansas,KS,2020-01-30,0
Kansas,KS,2020-01-31,0
Kansas,KS,2020-02-01,0
Kansas,KS,2020-02-02,0
Kansas,KS,2020-02-03,0
Kansas,KS,2020-02-04,0
Kansas,KS,2020-02-05,0
Kansas,KS,2020-02-06,0
Kansas,KS,2020-02-07,0
Kansas,KS,2020-02-08,0
Kansas,KS,2020-02-09,0
Kansas,KS,2020-02-10,0
Kansas,KS,2020-02-11,0
Kansas,KS,2020-02-12,0
Kansas,KS,2020-02-13,0
Kansas,KS,2020-02-14,0
Kansas,KS,2020-02-15,0
Kansas,KS,2020-02-16,0
Kansas,KS,2020-02-17,0
Kansas,KS,2020-02-18,0
Kansas,KS,2020-02-19,0
Kansas,KS,2020-02-20,0
Kansas,KS,2020-02-21,0
Kansas,KS,2020-02-22,0
Kansas,KS,2020-02-23,0
Kansas,KS,2020-02-24,0
Kansas,KS,2020-02-25,0
Kansas,KS,2020-02-26,0
Kansas,KS,2020-02-27,0
Kansas,KS,2020-02-28,0
Kansas,KS,2020-02-29,0
Kansas,KS,2020-03-01,0
Kansas,KS,2020-03-02,0
Kansas,KS,2020-03-03,0
Kansas,KS,2020-03-04,0
Kansas,KS,2020-03-05,0
Kansas,KS,2020-03-06,0
Kansas,KS,2020-03-07,0
Kansas,KS,2020-03-08,0
Kansas,KS,2020-03-09,0
Kansas,KS,2020-03-10,1
Kansas,KS,2020-03-11,1
Kansas,KS,2020-03-12,1
Kansas,KS,2020-03-13,5
Kansas,KS,2020-03-14,8
Kansas,KS,2020-03-15,8
Kansas,KS,2020-03-16,11
Kansas,KS,2020-03-17,18
Kansas,KS,2020-03-18,18
Kansas,KS,2020-03-19,34
Kansas,KS,2020-03-20,44
Kansas,KS,2020-03-21,57
Kansas,KS,2020-03-22,64
Kentucky,KY,2020-01-22,0
Kentucky,KY,2020-01-23,0
Kentucky,KY,2020-01-24,0
Kentucky,KY,2020-01-25,0
Kentucky,KY,2020-01-26,0
Kentucky,KY,2020-01-27,0
Kentucky,KY,2020-01-28,0
Kentucky,KY,2020-01-29,0
Kentucky,KY,2020-01-30,0
Kentucky,KY,2020-01-31,0
Kentucky,KY,2020-02-01,0
Kentucky,KY,2020-02-02,0
Kentucky,KY,2020-02-03,0
Kentucky,KY,2020-02-04,0
Kentucky,KY,2020-02-05,0
Kentucky,KY,2020-02-06,0
Kentucky,KY,2020-02-07,0
Kentucky,KY,2020-02-08,0
Kentucky,KY,2020-02-09,0
Kentucky,KY,2020-02-10,0
Kentucky,KY,2020-02-11,0
Kentucky,KY,2020-02-12,0
Kentucky,KY,2020-02-13,0
Kentucky,KY,2020-02-14,0
Kentucky,KY,2020-02-15,0
Kentucky,KY,2020-02-16,0
Kentucky,KY,2020-02-17,0
Kentucky,KY,2020-02-18,0
Kentucky,KY,2020-02-19,0
Kentucky,KY,2020-02-20,0
Kentucky,KY,2020-02-21,0
Kentucky,KY,2020-02-22,0
Kentucky,KY,2020-02-23,0
Kentucky,KY,2020-02-24,0
Kentucky,KY,2020-02-25,0
Kentucky,KY,2020-02-26,0
Kentucky,KY,2020-02-27,0
Kentucky,KY,2020-02-28,0
Kentucky,KY,2020-02-29,0
Kentucky,KY,2020-03-01,0
Kentucky,KY,2020-03-02,0
Kentucky,KY,2020-03-03,0
Kentucky,KY,2020-03-04,0
Kentucky,KY,2020-03-05,0
Kentucky,KY,2020-03-06,0
Kentucky,KY,2020-03-07,0
Kentucky,KY,2020-03-08,0
Kentucky,KY,2020-03-09,0
Kentucky,KY,2020-03-10,6
Kentucky,KY,2020-03-11,8
Kentucky,KY,2020-03-12,10
Kentucky,KY,2020-03-13,14
Kentucky,KY,2020-03-14,14
Kentucky,KY,2020-03-15,20
Kentucky,KY,2020-03-16,21
Kentucky,KY,2020-03-17,26
Kentucky,KY,2020-03-18,27
Kentucky,KY,2020-03-19,37
Kentucky,KY,2020-03-20,47
Kentucky,KY,2020-03-21,87
Kentucky,KY,2020-03-22,99
Louisiana,LA,2020-01-22,0
Louisiana,LA,2020-01-23,0
Louisiana,LA,2020-01-24,0
Louisiana,LA,2020-01-25,0
Louisiana,LA,2020-01-26,0
Louisiana,LA,2020-01-27,0
Louisiana,LA,2020-01-28,0
Louisiana,LA,2020-01-29,0
Louisiana,LA,2020-01-30,0
Louisiana,LA,2020-01-31,0
Louisiana,LA,2020-02-01,0
Louisiana,LA,2020-02-02,0
Louisiana,LA,2020-02-03,0
Louisiana,LA,2020-02-04,0
Louisiana,LA,2020-02-05,0
Louisiana,LA,2020-02-06,0
Louisiana,LA,2020-02-07,0
Louisiana,LA,2020-02-08,0
Louisiana,LA,2020-02-09,0
Louisiana,LA,2020-02-10,0
Louisiana,LA,2020-02-11,0
Louisiana,LA,2020-02-12,0
Louisiana,LA,2020-02-13,0
Louisiana,LA,2020-02-14,0
Louisiana,LA,2020-02-15,0
Louisiana,LA,2020-02-16,0
Louisiana,LA,2020-02-17,0
Louisiana,LA,2020-02-18,0
Louisiana,LA,2020-02-19,0
Louisiana,LA,2020-02-20,0
Louisiana,LA,2020-02-21,0
Louisiana,LA,2020-02-22,0
Louisiana,LA,2020-02-23,0
Louisiana,LA,2020-02-24,0
Louisiana,LA,2020-02-25,0
Louisiana,LA,2020-02-26,0
Louisiana,LA,2020-02-27,0
Louisiana,LA,2020-02-28,0
Louisiana,LA,2020-02-29,0
Louisiana,LA,2020-03-01,0
Louisiana,LA,2020-03-02,0
Louisiana,LA,2020-03-03,0
Louisiana,LA,2020-03-04,0
Louisiana,LA,2020-03-05,0
Louisiana,LA,2020-03-06,0
Louisiana,LA,2020-03-07,0
Louisiana,LA,2020-03-08,0
Louisiana,LA,2020-03-09,0
Louisiana,LA,2020-03-10,1
Louisiana,LA,2020-03-11,6
Louisiana,LA,2020-03-12,19
Louisiana,LA,2020-03-13,36
Louisiana,LA,2020-03-14,77
Louisiana,LA,2020-03-15,91
Louisiana,LA,2020-03-16,136
Louisiana,LA,2020-03-17,196
Louisiana,LA,2020-03-18,257
Louisiana,LA,2020-03-19,392
Louisiana,LA,2020-03-20,538
Louisiana,LA,2020-03-21,585
Louisiana,LA,2020-03-22,837
Maine,ME,2020-01-22,0
Maine,ME,2020-01-23,0
Maine,ME,2020-01-24,0
Maine,ME,2020-01-25,0
Maine,ME,2020-01-26,0
Maine,ME,2020-01-27,0
Maine,ME,2020-01-28,0
Maine,ME,2020-01-29,0
Maine,ME,2020-01-30,0
Maine,ME,2020-01-31,0
Maine,ME,2020-02-01,0
Maine,ME,2020-02-02,0
Maine,ME,2020-02-03,0
Maine,ME,2020-02-04,0
Maine,ME,2020-02-05,0
Maine,ME,2020-02-06,0
Maine,ME,2020-02-07,0
Maine,ME,2020-02-08,0
Maine,ME,2020-02-09,0
Maine,ME,2020-02-10,0
Maine,ME,2020-02-11,0
Maine,ME,2020-02-12,0
Maine,ME,2020-02-13,0
Maine,ME,2020-02-14,0
Maine,ME,2020-02-15,0
Maine,ME,2020-02-16,0
Maine,ME,2020-02-17,0
Maine,ME,2020-02-18,0
Maine,ME,2020-02-19,0
Maine,ME,2020-02-20,0
Maine,ME,2020-02-21,0
Maine,ME,2020-02-22,0
Maine,ME,2020-02-23,0
Maine,ME,2020-02-24,0
Maine,ME,2020-02-25,0
Maine,ME,2020-02-26,0
Maine,ME,2020-02-27,0
Maine,ME,2020-02-28,0
Maine,ME,2020-02-29,0
Maine,ME,2020-03-01,0
Maine,ME,2020-03-02,0
Maine,ME,2020-03-03,0
Maine,ME,2020-03-04,0
Maine,ME,2020-03-05,0
Maine,ME,2020-03-06,0
Maine,ME,2020-03-07,0
Maine,ME,2020-03-08,0
Maine,ME,2020-03-09,0
Maine,ME,2020-03-10,0
Maine,ME,2020-03-11,0
Maine,ME,2020-03-12,0
Maine,ME,2020-03-13,1
Maine,ME,2020-03-14,3
Maine,ME,2020-03-15,12
Maine,ME,2020-03-16,17
Maine,ME,2020-03-17,32
Maine,ME,2020-03-18,42
Maine,ME,2020-03-19,52
Maine,ME,2020-03-20,56
Maine,ME,2020-03-21,70
Maine,ME,2020-03-22,89
Montana,MT,2020-01-22,0
Montana,MT,2020-01-23,0
Montana,MT,2020-01-24,0
Montana,MT,2020-01-25,0
Montana,MT,2020-01-26,0
Montana,MT,2020-01-27,0
Montana,MT,2020-01-28,0
Montana,MT,2020-01-29,0
Montana,MT,2020-01-30,0
Montana,MT,2020-01-31,0
Montana,MT,2020-02-01,0
Montana,MT,2020-02-02,0
Montana,MT,2020-02-03,0
Montana,MT,2020-02-04,0
Montana,MT,2020-02-05,0
Montana,MT,2020-02-06,0
Montana,MT,2020-02-07,0
Montana,MT,2020-02-08,0
Montana,MT,2020-02-09,0
Montana,MT,2020-02-10,0
Montana,MT,2020-02-11,0
Montana,MT,2020-02-12,0
Montana,MT,2020-02-13,0
Montana,MT,2020-02-14,0
Montana,MT,2020-02-15,0
Montana,MT,2020-02-16,0
Montana,MT,2020-02-17,0
Montana,MT,2020-02-18,0
Montana,MT,2020-02-19,0
Montana,MT,2020-02-20,0
Montana,MT,2020-02-21,0
Montana,MT,2020-02-22,0
Montana,MT,2020-02-23,0
Montana,MT,2020-02-24,0
Montana,MT,2020-02-25,0
Montana,MT,2020-02-26,0
Montana,MT,2020-02-27,0
Montana,MT,2020-02-28,0
Montana,MT,2020-02-29,0
Montana,MT,2020-03-01,0
Montana,MT,2020-03-02,0
Montana,MT,2020-03-03,0
Montana,MT,2020-03-04,0
Montana,MT,2020-03-05,0
Montana,MT,2020-03-06,0
Montana,MT,2020-03-07,0
Montana,MT,2020-03-08,0
Montana,MT,2020-03-09,0
Montana,MT,2020-03-10,0
Montana,MT,2020-03-11,1
Montana,MT,2020-03-12,1
Montana,MT,2020-03-13,1
Montana,MT,2020-03-14,5
Montana,MT,2020-03-15,7
Montana,MT,2020-03-16,7
Montana,MT,2020-03-17,9
Montana,MT,2020-03-18,11
Montana,MT,2020-03-19,11
Montana,MT,2020-03-20,15
Montana,MT,2020-03-21,21
Montana,MT,2020-03-22,31
Nebraska,NE,2020-01-22,0
Nebraska,NE,2020-01-23,0
Nebraska,NE,2020-01-24,0
Nebraska,NE,2020-01-25,0
Nebraska,NE,2020-01-26,0
Nebraska,NE,2020-01-27,0
Nebraska,NE,2020-01-28,0
Nebraska,NE,2020-01-29,0
Nebraska,NE,2020-01-30,0
Nebraska,NE,2020-01-31,0
Nebraska,NE,2020-02-01,0
Nebraska,NE,2020-02-02,0
Nebraska,NE,2020-02-03,0
Nebraska,NE,2020-02-04,0
Nebraska,NE,2020-02-05,0
Nebraska,NE,2020-02-06,0
Nebraska,NE,2020-02-07,0
Nebraska,NE,2020-02-08,0
Nebraska,NE,2020-02-09,0
Nebraska,NE,2020-02-10,0
Nebraska,NE,2020-02-11,0
Nebraska,NE,2020-02-12,0
Nebraska,NE,2020-02-13,0
Nebraska,NE,2020-02-14,0
Nebraska,NE,2020-02-15,0
Nebraska,NE,2020-02-16,0
Nebraska,NE,2020-02-17,0
Nebraska,NE,2020-02-18,0
Nebraska,NE,2020-02-19,0
Nebraska,NE,2020-02-20,0
Nebraska,NE,2020-02-21,0
Nebraska,NE,2020-02-22,0
Nebraska,NE,2020-02-23,0
Nebraska,NE,2020-02-24,0
Nebraska,NE,2020-02-25,0
Nebraska,NE,2020-02-26,0
Nebraska,NE,2020-02-27,0
Nebraska,NE,2020-02-28,0
Nebraska,NE,2020-02-29,0
Nebraska,NE,2020-03-01,0
Nebraska,NE,2020-03-02,0
Nebraska,NE,2020-03-03,0
Nebraska,NE,2020-03-04,0
Nebraska,NE,2020-03-05,0
Nebraska,NE,2020-03-06,0
Nebraska,NE,2020-03-07,0
Nebraska,NE,2020-03-08,0
Nebraska,NE,2020-03-09,0
Nebraska,NE,2020-03-10,3
Nebraska,NE,2020-03-11,5
Nebraska,NE,2020-03-12,10
Nebraska,NE,2020-03-13,13
Nebraska,NE,2020-03-14,14
Nebraska,NE,2020-03-15,17
Nebraska,NE,2020-03-16,18
Nebraska,NE,2020-03-17,21
Nebraska,NE,2020-03-18,24
Nebraska,NE,2020-03-19,29
Nebraska,NE,2020-03-20,37
Nebraska,NE,2020-03-21,38
Nebraska,NE,2020-03-22,51
Nevada,NV,2020-01-22,0
Nevada,NV,2020-01-23,0
Nevada,NV,2020-01-24,0
Nevada,NV,2020-01-25,0
Nevada,NV,2020-01-26,0
Nevada,NV,2020-01-27,0
Nevada,NV,2020-01-28,0
Nevada,NV,2020-01-29,0
Nevada,NV,2020-01-30,0
Nevada,NV,2020-01-31,0
Nevada,NV,2020-02-01,0
Nevada,NV,2020-02-02,0
Nevada,NV,2020-02-03,0
Nevada,NV,2020-02-04,0
Nevada,NV,2020-02-05,0
Nevada,NV,2020-02-06,0
Nevada,NV,2020-02-07,0
Nevada,NV,2020-02-08,0
Nevada,NV,2020-02-09,0
Nevada,NV,2020-02-10,0
Nevada,NV,2020-02-11,0
Nevada,NV,2020-02-12,0
Nevada,NV,2020-02-13,0
Nevada,NV,2020-02-14,0
Nevada,NV,2020-02-15,0
Nevada,NV,2020-02-16,0
Nevada,NV,2020-02-17,0
Nevada,NV,2020-02-18,0
Nevada,NV,2020-02-19,0
Nevada,NV,2020-02-20,0
Nevada,NV,2020-02-21,0
Nevada,NV,2020-02-22,0
Nevada,NV,2020-02-23,0
Nevada,NV,2020-02-24,0
Nevada,NV,2020-02-25,0
Nevada,NV,2020-02-26,0
Nevada,NV,2020-02-27,0
Nevada,NV,2020-02-28,0
Nevada,NV,2020-02-29,0
Nevada,NV,2020-03-01,0
Nevada,NV,2020-03-02,0
Nevada,NV,2020-03-03,0
Nevada,NV,2020-03-04,0
Nevada,NV,2020-03-05,0
Nevada,NV,2020-03-06,0
Nevada,NV,2020-03-07,0
Nevada,NV,2020-03-08,0
Nevada,NV,2020-03-09,0
Nevada,NV,2020-03-10,4
Nevada,NV,2020-03-11,7
Nevada,NV,2020-03-12,14
Nevada,NV,2020-03-13,17
Nevada,NV,2020-03-14,21
Nevada,NV,2020-03-15,24
Nevada,NV,2020-03-16,45
Nevada,NV,2020-03-17,56
Nevada,NV,2020-03-18,55
Nevada,NV,2020-03-19,95
Nevada,NV,2020-03-20,114
Nevada,NV,2020-03-21,161
Nevada,NV,2020-03-22,190
New Hampshire,NH,2020-01-22,0
New Hampshire,NH,2020-01-23,0
New Hampshire,NH,2020-01-24,0
New Hampshire,NH,2020-01-25,0
New Hampshire,NH,2020-01-26,0
New Hampshire,NH,2020-01-27,0
New Hampshire,NH,2020-01-28,0
New Hampshire,NH,2020-01-29,0
New Hampshire,NH,2020-01-30,0
New Hampshire,NH,2020-01-31,0
New Hampshire,NH,2020-02-01,0
New Hampshire,NH,2020-02-02,0
New Hampshire,NH,2020-02-03,0
New Hampshire,NH,2020-02-04,0
New Hampshire,NH,2020-02-05,0
New Hampshire,NH,2020-02-06,0
New Hampshire,NH,2020-02-07,0
New Hampshire,NH,2020-02-08,0
New Hampshire,NH,2020-02-09,0
New Hampshire,NH,2020-02-10,0
New Hampshire,NH,2020-02-11,0
New Hampshire,NH,2020-02-12,0
New Hampshire,NH,2020-02-13,0
New Hampshire,NH,2020-02-14,0
New Hampshire,NH,2020-02-15,0
New Hampshire,NH,2020-02-16,0
New Hampshire,NH,2020-02-17,0
New Hampshire,NH,2020-02-18,0
New Hampshire,NH,2020-02-19,0
New Hampshire,NH,2020-02-20,0
New Hampshire,NH,2020-02-21,0
New Hampshire,NH,2020-02-22,0
New Hampshire,NH,2020-02-23,0
New Hampshire,NH,2020-02-24,0
New Hampshire,NH,2020-02-25,0
New Hampshire,NH,2020-02-26,0
New Hampshire,NH,2020-02-27,0
New Hampshire,NH,2020-02-28,0
New Hampshire,NH,2020-02-29,0
New Hampshire,NH,2020-03-01,0
New Hampshire,NH,2020-03-02,0
New Hampshire,NH,2020-03-03,0
New Hampshire,NH,2020-03-04,0
New Hampshire,NH,2020-03-05,0
New Hampshire,NH,2020-03-06,0
New Hampshire,NH,2020-03-07,0
New Hampshire,NH,2020-03-08,0
New Hampshire,NH,2020-03-09,0
New Hampshire,NH,2020-03-10,4
New Hampshire,NH,2020-03-11,5
New Hampshire,NH,2020-03-12,6
New Hampshire,NH,2020-03-13,6
New Hampshire,NH,2020-03-14,7
New Hampshire,NH,2020-03-15,13
New Hampshire,NH,2020-03-16,17
New Hampshire,NH,2020-03-17,26
New Hampshire,NH,2020-03-18,26
New Hampshire,NH,2020-03-19,44
New Hampshire,NH,2020-03-20,44
New Hampshire,NH,2020-03-21,55
New Hampshire,NH,2020-03-22,65
New Jersey,NJ,2020-01-22,0
New Jersey,NJ,2020-01-23,0
New Jersey,NJ,2020-01-24,0
New Jersey,NJ,2020-01-25,0
New Jersey,NJ,2020-01-26,0
New Jersey,NJ,2020-01-27,0
New Jersey,NJ,2020-01-28,0
New Jersey,NJ,2020-01-29,0
New Jersey,NJ,2020-01-30,0
New Jersey,NJ,2020-01-31,0
New Jersey,NJ,2020-02-01,0
New Jersey,NJ,2020-02-02,0
New Jersey,NJ,2020-02-03,0
New Jersey,NJ,2020-02-04,0
New Jersey,NJ,2020-02-05,0
New Jersey,NJ,2020-02-06,0
New Jersey,NJ,2020-02-07,0
New Jersey,NJ,2020-02-08,0
New Jersey,NJ,2020-02-09,0
New Jersey,NJ,2020-02-10,0
New Jersey,NJ,2020-02-11,0
New Jersey,NJ,2020-02-12,0
New Jersey,NJ,2020-02-13,0
New Jersey,NJ,2020-02-14,0
New Jersey,NJ,2020-02-15,0
New Jersey,NJ,2020-02-16,0
New Jersey,NJ,2020-02-17,0
New Jersey,NJ,2020-02-18,0
New Jersey,NJ,2020-02-19,0
New Jersey,NJ,2020-02-20,0
New Jersey,NJ,2020-02-21,0
New Jersey,NJ,2020-02-22,0
New Jersey,NJ,2020-02-23,0
New Jersey,NJ,2020-02-24,0
New Jersey,NJ,2020-02-25,0
New Jersey,NJ,2020-02-26,0
New Jersey,NJ,2020-02-27,0
New Jersey,NJ,2020-02-28,0
New Jersey,NJ,2020-02-29,0
New Jersey,NJ,2020-03-01,0
New Jersey,NJ,2020-03-02,0
New Jersey,NJ,2020-03-03,0
New Jersey,NJ,2020-03-04,0
New Jersey,NJ,2020-03-05,0
New Jersey,NJ,2020-03-06,0
New Jersey,NJ,2020-03-07,0
New Jersey,NJ,2020-03-08,0
New Jersey,NJ,2020-03-09,0
New Jersey,NJ,2020-03-10,15
New Jersey,NJ,2020-03-11,23
New Jersey,NJ,2020-03-12,29
New Jersey,NJ,2020-03-13,29
New Jersey,NJ,2020-03-14,69
New Jersey,NJ,2020-03-15,98
New Jersey,NJ,2020-03-16,178
New Jersey,NJ,2020-03-17,267
New Jersey,NJ,2020-03-18,267
New Jersey,NJ,2020-03-19,742
New Jersey,NJ,2020-03-20,890
New Jersey,NJ,2020-03-21,1327
New Jersey,NJ,2020-03-22,1914
New Mexico,NM,2020-01-22,0
New Mexico,NM,2020-01-23,0
New Mexico,NM,2020-01-24,0
New Mexico,NM,2020-01-25,0
New Mexico,NM,2020-01-26,0
New Mexico,NM,2020-01-27,0
New Mexico,NM,2020-01-28,0
New Mexico,NM,2020-01-29,0
New Mexico,NM,2020-01-30,0
New Mexico,NM,2020-01-31,0
New Mexico,NM,2020-02-01,0
New Mexico,NM,2020-02-02,0
New Mexico,NM,2020-02-03,0
New Mexico,NM,2020-02-04,0
New Mexico,NM,2020-02-05,0
New Mexico,NM,2020-02-06,0
New Mexico,NM,2020-02-07,0
New Mexico,NM,2020-02-08,0
New Mexico,NM,2020-02-09,0
New Mexico,NM,2020-02-10,0
New Mexico,NM,2020-02-11,0
New Mexico,NM,2020-02-12,0
New Mexico,NM,2020-02-13,0
New Mexico,NM,2020-02-14,0
New Mexico,NM,2020-02-15,0
New Mexico,NM,2020-02-16,0
New Mexico,NM,2020-02-17,0
New Mexico,NM,2020-02-18,0
New Mexico,NM,2020-02-19,0
New Mexico,NM,2020-02-20,0
New Mexico,NM,2020-02-21,0
New Mexico,NM,2020-02-22,0
New Mexico,NM,2020-02-23,0
New Mexico,NM,2020-02-24,0
New Mexico,NM,2020-02-25,0
New Mexico,NM,2020-02-26,0
New Mexico,NM,2020-02-27,0
New Mexico,NM,2020-02-28,0
New Mexico,NM,2020-02-29,0
New Mexico,NM,2020-03-01,0
New Mexico,NM,2020-03-02,0
New Mexico,NM,2020-03-03,0
New Mexico,NM,2020-03-04,0
New Mexico,NM,2020-03-05,0
New Mexico,NM,2020-03-06,0
New Mexico,NM,2020-03-07,0
New Mexico,NM,2020-03-08,0
New Mexico,NM,2020-03-09,0
New Mexico,NM,2020-03-10,0
New Mexico,NM,2020-03-11,3
New Mexico,NM,2020-03-12,5
New Mexico,NM,2020-03-13,10
New Mexico,NM,2020-03-14,10
New Mexico,NM,2020-03-15,13
New Mexico,NM,2020-03-16,17
New Mexico,NM,2020-03-17,23
New Mexico,NM,2020-03-18,23
New Mexico,NM,2020-03-19,35
New Mexico,NM,2020-03-20,43
New Mexico,NM,2020-03-21,43
New Mexico,NM,2020-03-22,57
New York,NY,2020-01-22,0
New York,NY,2020-01-23,0
New York,NY,2020-01-24,0
New York,NY,2020-01-25,0
New York,NY,2020-01-26,0
New York,NY,2020-01-27,0
New York,NY,2020-01-28,0
New York,NY,2020-01-29,0
New York,NY,2020-01-30,0
New York,NY,2020-01-31,0
New York,NY,2020-02-01,0
New York,NY,2020-02-02,0
New York,NY,2020-02-03,0
New York,NY,2020-02-04,0
New York,NY,2020-02-05,0
New York,NY,2020-02-06,0
New York,NY,2020-02-07,0
New York,NY,2020-02-08,0
New York,NY,2020-02-09,0
New York,NY,2020-02-10,0
New York,NY,2020-02-11,0
New York,NY,2020-02-12,0
New York,NY,2020-02-13,0
New York,NY,2020-02-14,0
New York,NY,2020-02-15,0
New York,NY,2020-02-16,0
New York,NY,2020-02-17,0
New York,NY,2020-02-18,0
New York,NY,2020-02-19,0
New York,NY,2020-02-20,0
New York,NY,2020-02-21,0
New York,NY,2020-02-22,0
New York,NY,2020-02-23,0
New York,NY,2020-02-24,0
New York,NY,2020-02-25,0
New York,NY,2020-02-26,0
New York,NY,2020-02-27,0
New York,NY,2020-02-28,0
New York,NY,2020-02-29,0
New York,NY,2020-03-01,0
New York,NY,2020-03-02,0
New York,NY,2020-03-03,0
New York,NY,2020-03-04,0
New York,NY,2020-03-05,0
New York,NY,2020-03-06,0
New York,NY,2020-03-07,0
New York,NY,2020-03-08,0
New York,NY,2020-03-09,0
New York,NY,2020-03-10,173
New York,NY,2020-03-11,220
New York,NY,2020-03-12,328
New York,NY,2020-03-13,421
New York,NY,2020-03-14,525
New York,NY,2020-03-15,732
New York,NY,2020-03-16,967
New York,NY,2020-03-17,1706
New York,NY,2020-03-18,2495
New York,NY,2020-03-19,5365
New York,NY,2020-03-20,8310
New York,NY,2020-03-21,11710
New York,NY,2020-03-22,15793
North Carolina,NC,2020-01-22,0
North Carolina,NC,2020-01-23,0
North Carolina,NC,2020-01-24,0
North Carolina,NC,2020-01-25,0
North Carolina,NC,2020-01-26,0
North Carolina,NC,2020-01-27,0
North Carolina,NC,2020-01-28,0
North Carolina,NC,2020-01-29,0
North Carolina,NC,2020-01-30,0
North Carolina,NC,2020-01-31,0
North Carolina,NC,2020-02-01,0
North Carolina,NC,2020-02-02,0
North Carolina,NC,2020-02-03,0
North Carolina,NC,2020-02-04,0
North Carolina,NC,2020-02-05,0
North Carolina,NC,2020-02-06,0
North Carolina,NC,2020-02-07,0
North Carolina,NC,2020-02-08,0
North Carolina,NC,2020-02-09,0
North Carolina,NC,2020-02-10,0
North Carolina,NC,2020-02-11,0
North Carolina,NC,2020-02-12,0
North Carolina,NC,2020-02-13,0
North Carolina,NC,2020-02-14,0
North Carolina,NC,2020-02-15,0
North Carolina,NC,2020-02-16,0
North Carolina,NC,2020-02-17,0
North Carolina,NC,2020-02-18,0
North Carolina,NC,2020-02-19,0
North Carolina,NC,2020-02-20,0
North Carolina,NC,2020-02-21,0
North Carolina,NC,2020-02-22,0
North Carolina,NC,2020-02-23,0
North Carolina,NC,2020-02-24,0
North Carolina,NC,2020-02-25,0
North Carolina,NC,2020-02-26,0
North Carolina,NC,2020-02-27,0
North Carolina,NC,2020-02-28,0
North Carolina,NC,2020-02-29,0
North Carolina,NC,2020-03-01,0
North Carolina,NC,2020-03-02,0
North Carolina,NC,2020-03-03,0
North Carolina,NC,2020-03-04,0
North Carolina,NC,2020-03-05,0
North Carolina,NC,2020-03-06,0
North Carolina,NC,2020-03-07,0
North Carolina,NC,2020-03-08,0
North Carolina,NC,2020-03-09,0
North Carolina,NC,2020-03-10,7
North Carolina,NC,2020-03-11,7
North Carolina,NC,2020-03-12,15
North Carolina,NC,2020-03-13,17
North Carolina,NC,2020-03-14,24
North Carolina,NC,2020-03-15,33
North Carolina,NC,2020-03-16,38
North Carolina,NC,2020-03-17,64
North Carolina,NC,2020-03-18,70
North Carolina,NC,2020-03-19,123
North Carolina,NC,2020-03-20,172
North Carolina,NC,2020-03-21,253
North Carolina,NC,2020-03-22,302
North Dakota,ND,2020-01-22,0
North Dakota,ND,2020-01-23,0
North Dakota,ND,2020-01-24,0
North Dakota,ND,2020-01-25,0
North Dakota,ND,2020-01-26,0
North Dakota,ND,2020-01-27,0
North Dakota,ND,2020-01-28,0
North Dakota,ND,2020-01-29,0
North Dakota,ND,2020-01-30,0
North Dakota,ND,2020-01-31,0
North Dakota,ND,2020-02-01,0
North Dakota,ND,2020-02-02,0
North Dakota,ND,2020-02-03,0
North Dakota,ND,2020-02-04,0
North Dakota,ND,2020-02-05,0
North Dakota,ND,2020-02-06,0
North Dakota,ND,2020-02-07,0
North Dakota,ND,2020-02-08,0
North Dakota,ND,2020-02-09,0
North Dakota,ND,2020-02-10,0
North Dakota,ND,2020-02-11,0
North Dakota,ND,2020-02-12,0
North Dakota,ND,2020-02-13,0
North Dakota,ND,2020-02-14,0
North Dakota,ND,2020-02-15,0
North Dakota,ND,2020-02-16,0
North Dakota,ND,2020-02-17,0
North Dakota,ND,2020-02-18,0
North Dakota,ND,2020-02-19,0
North Dakota,ND,2020-02-20,0
North Dakota,ND,2020-02-21,0
North Dakota,ND,2020-02-22,0
North Dakota,ND,2020-02-23,0
North Dakota,ND,2020-02-24,0
North Dakota,ND,2020-02-25,0
North Dakota,ND,2020-02-26,0
North Dakota,ND,2020-02-27,0
North Dakota,ND,2020-02-28,0
North Dakota,ND,2020-02-29,0
North Dakota,ND,2020-03-01,0
North Dakota,ND,2020-03-02,0
North Dakota,ND,2020-03-03,0
North Dakota,ND,2020-03-04,0
North Dakota,ND,2020-03-05,0
North Dakota,ND,2020-03-06,0
North Dakota,ND,2020-03-07,0
North Dakota,ND,2020-03-08,0
North Dakota,ND,2020-03-09,0
North Dakota,ND,2020-03-10,0
North Dakota,ND,2020-03-11,0
North Dakota,ND,2020-03-12,1
North Dakota,ND,2020-03-13,1
North Dakota,ND,2020-03-14,1
North Dakota,ND,2020-03-15,1
North Dakota,ND,2020-03-16,1
North Dakota,ND,2020-03-17,3
North Dakota,ND,2020-03-18,6
North Dakota,ND,2020-03-19,18
North Dakota,ND,2020-03-20,19
North Dakota,ND,2020-03-21,28
North Dakota,ND,2020-03-22,28
Ohio,OH,2020-01-22,0
Ohio,OH,2020-01-23,0
Ohio,OH,2020-01-24,0
Ohio,OH,2020-01-25,0
Ohio,OH,2020-01-26,0
Ohio,OH,2020-01-27,0
Ohio,OH,2020-01-28,0
Ohio,OH,2020-01-29,0
Ohio,OH,2020-01-30,0
Ohio,OH,2020-01-31,0
Ohio,OH,2020-02-01,0
Ohio,OH,2020-02-02,0
Ohio,OH,2020-02-03,0
Ohio,OH,2020-02-04,0
Ohio,OH,2020-02-05,0
Ohio,OH,2020-02-06,0
Ohio,OH,2020-02-07,0
Ohio,OH,2020-02-08,0
Ohio,OH,2020-02-09,0
Ohio,OH,2020-02-10,0
Ohio,OH,2020-02-11,0
Ohio,OH,2020-02-12,0
Ohio,OH,2020-02-13,0
Ohio,OH,2020-02-14,0
Ohio,OH,2020-02-15,0
Ohio,OH,2020-02-16,0
Ohio,OH,2020-02-17,0
Ohio,OH,2020-02-18,0
Ohio,OH,2020-02-19,0
Ohio,OH,2020-02-20,0
Ohio,OH,2020-02-21,0
Ohio,OH,2020-02-22,0
Ohio,OH,2020-02-23,0
Ohio,OH,2020-02-24,0
Ohio,OH,2020-02-25,0
Ohio,OH,2020-02-26,0
Ohio,OH,2020-02-27,0
Ohio,OH,2020-02-28,0
Ohio,OH,2020-02-29,0
Ohio,OH,2020-03-01,0
Ohio,OH,2020-03-02,0
Ohio,OH,2020-03-03,0
Ohio,OH,2020-03-04,0
Ohio,OH,2020-03-05,0
Ohio,OH,2020-03-06,0
Ohio,OH,2020-03-07,0
Ohio,OH,2020-03-08,0
Ohio,OH,2020-03-09,0
Ohio,OH,2020-03-10,3
Ohio,OH,2020-03-11,4
Ohio,OH,2020-03-12,5
Ohio,OH,2020-03-13,13
Ohio,OH,2020-03-14,26
Ohio,OH,2020-03-15,37
Ohio,OH,2020-03-16,50
Ohio,OH,2020-03-17,67
Ohio,OH,2020-03-18,86
Ohio,OH,2020-03-19,119
Ohio,OH,2020-03-20,173
Ohio,OH,2020-03-21,248
Ohio,OH,2020-03-22,355
Oklahoma,OK,2020-01-22,0
Oklahoma,OK,2020-01-23,0
Oklahoma,OK,2020-01-24,0
Oklahoma,OK,2020-01-25,0
Oklahoma,OK,2020-01-26,0
Oklahoma,OK,2020-01-27,0
Oklahoma,OK,2020-01-28,0
Oklahoma,OK,2020-01-29,0
Oklahoma,OK,2020-01-30,0
Oklahoma,OK,2020-01-31,0
Oklahoma,OK,2020-02-01,0
Oklahoma,OK,2020-02-02,0
Oklahoma,OK,2020-02-03,0
Oklahoma,OK,2020-02-04,0
Oklahoma,OK,2020-02-05,0
Oklahoma,OK,2020-02-06,0
Oklahoma,OK,2020-02-07,0
Oklahoma,OK,2020-02-08,0
Oklahoma,OK,2020-02-09,0
Oklahoma,OK,2020-02-10,0
Oklahoma,OK,2020-02-11,0
Oklahoma,OK,2020-02-12,0
Oklahoma,OK,2020-02-13,0
Oklahoma,OK,2020-02-14,0
Oklahoma,OK,2020-02-15,0
Oklahoma,OK,2020-02-16,0
Oklahoma,OK,2020-02-17,0
Oklahoma,OK,2020-02-18,0
Oklahoma,OK,2020-02-19,0
Oklahoma,OK,2020-02-20,0
Oklahoma,OK,2020-02-21,0
Oklahoma,OK,2020-02-22,0
Oklahoma,OK,2020-02-23,0
Oklahoma,OK,2020-02-24,0
Oklahoma,OK,2020-02-25,0
Oklahoma,OK,2020-02-26,0
Oklahoma,OK,2020-02-27,0
Oklahoma,OK,2020-02-28,0
Oklahoma,OK,2020-02-29,0
Oklahoma,OK,2020-03-01,0
Oklahoma,OK,2020-03-02,0
Oklahoma,OK,2020-03-03,0
Oklahoma,OK,2020-03-04,0
Oklahoma,OK,2020-03-05,0
Oklahoma,OK,2020-03-06,0
Oklahoma,OK,2020-03-07,0
Oklahoma,OK,2020-03-08,0
Oklahoma,OK,2020-03-09,0
Oklahoma,OK,2020-03-10,2
Oklahoma,OK,2020-03-11,2
Oklahoma,OK,2020-03-12,2
Oklahoma,OK,2020-03-13,2
Oklahoma,OK,2020-03-14,4
Oklahoma,OK,2020-03-15,7
Oklahoma,OK,2020-03-16,10
Oklahoma,OK,2020-03-17,19
Oklahoma,OK,2020-03-18,19
Oklahoma,OK,2020-03-19,44
Oklahoma,OK,2020-03-20,49
Oklahoma,OK,2020-03-21,53
Oklahoma,OK,2020-03-22,67
Oregon,OR,2020-01-22,0
Oregon,OR,2020-01-23,0
Oregon,OR,2020-01-24,0
Oregon,OR,2020-01-25,0
Oregon,OR,2020-01-26,0
Oregon,OR,2020-01-27,0
Oregon,OR,2020-01-28,0
Oregon,OR,2020-01-29,0
Oregon,OR,2020-01-30,0
Oregon,OR,2020-01-31,0
Oregon,OR,2020-02-01,0
Oregon,OR,2020-02-02,0
Oregon,OR,2020-02-03,0
Oregon,OR,2020-02-04,0
Oregon,OR,2020-02-05,0
Oregon,OR,2020-02-06,0
Oregon,OR,2020-02-07,0
Oregon,OR,2020-02-08,0
Oregon,OR,2020-02-09,0
Oregon,OR,2020-02-10,0
Oregon,OR,2020-02-11,0
Oregon,OR,2020-02-12,0
Oregon,OR,2020-02-13,0
Oregon,OR,2020-02-14,0
Oregon,OR,2020-02-15,0
Oregon,OR,2020-02-16,0
Oregon,OR,2020-02-17,0
Oregon,OR,2020-02-18,0
Oregon,OR,2020-02-19,0
Oregon,OR,2020-02-20,0
Oregon,OR,2020-02-21,0
Oregon,OR,2020-02-22,0
Oregon,OR,2020-02-23,0
Oregon,OR,2020-02-24,0
Oregon,OR,2020-02-25,0
Oregon,OR,2020-02-26,0
Oregon,OR,2020-02-27,0
Oregon,OR,2020-02-28,0
Oregon,OR,2020-02-29,0
Oregon,OR,2020-03-01,0
Oregon,OR,2020-03-02,0
Oregon,OR,2020-03-03,0
Oregon,OR,2020-03-04,0
Oregon,OR,2020-03-05,0
Oregon,OR,2020-03-06,0
Oregon,OR,2020-03-07,0
Oregon,OR,2020-03-08,0
Oregon,OR,2020-03-09,0
Oregon,OR,2020-03-10,15
Oregon,OR,2020-03-11,19
Oregon,OR,2020-03-12,24
Oregon,OR,2020-03-13,30
Oregon,OR,2020-03-14,32
Oregon,OR,2020-03-15,36
Oregon,OR,2020-03-16,39
Oregon,OR,2020-03-17,66
Oregon,OR,2020-03-18,68
Oregon,OR,2020-03-19,88
Oregon,OR,2020-03-20,114
Oregon,OR,2020-03-21,114
Oregon,OR,2020-03-22,161
Maryland,MD,2020-01-22,0
Maryland,MD,2020-01-23,0
Maryland,MD,2020-01-24,0
Maryland,MD,2020-01-25,0
Maryland,MD,2020-01-26,0
Maryland,MD,2020-01-27,0
Maryland,MD,2020-01-28,0
Maryland,MD,2020-01-29,0
Maryland,MD,2020-01-30,0
Maryland,MD,2020-01-31,0
Maryland,MD,2020-02-01,0
Maryland,MD,2020-02-02,0
Maryland,MD,2020-02-03,0
Maryland,MD,2020-02-04,0
Maryland,MD,2020-02-05,0
Maryland,MD,2020-02-06,0
Maryland,MD,2020-02-07,0
Maryland,MD,2020-02-08,0
Maryland,MD,2020-02-09,0
Maryland,MD,2020-02-10,0
Maryland,MD,2020-02-11,0
Maryland,MD,2020-02-12,0
Maryland,MD,2020-02-13,0
Maryland,MD,2020-02-14,0
Maryland,MD,2020-02-15,0
Maryland,MD,2020-02-16,0
Maryland,MD,2020-02-17,0
Maryland,MD,2020-02-18,0
Maryland,MD,2020-02-19,0
Maryland,MD,2020-02-20,0
Maryland,MD,2020-02-21,0
Maryland,MD,2020-02-22,0
Maryland,MD,2020-02-23,0
Maryland,MD,2020-02-24,0
Maryland,MD,2020-02-25,0
Maryland,MD,2020-02-26,0
Maryland,MD,2020-02-27,0
Maryland,MD,2020-02-28,0
Maryland,MD,2020-02-29,0
Maryland,MD,2020-03-01,0
Maryland,MD,2020-03-02,0
Maryland,MD,2020-03-03,0
Maryland,MD,2020-03-04,0
Maryland,MD,2020-03-05,0
Maryland,MD,2020-03-06,0
Maryland,MD,2020-03-07,0
Maryland,MD,2020-03-08,0
Maryland,MD,2020-03-09,0
Maryland,MD,2020-03-10,8
Maryland,MD,2020-03-11,9
Maryland,MD,2020-03-12,12
Maryland,MD,2020-03-13,18
Maryland,MD,2020-03-14,26
Maryland,MD,2020-03-15,32
Maryland,MD,2020-03-16,41
Maryland,MD,2020-03-17,60
Maryland,MD,2020-03-18,85
Maryland,MD,2020-03-19,107
Maryland,MD,2020-03-20,149
Maryland,MD,2020-03-21,193
Maryland,MD,2020-03-22,244
Massachusetts,MA,2020-01-22,0
Massachusetts,MA,2020-01-23,0
Massachusetts,MA,2020-01-24,0
Massachusetts,MA,2020-01-25,0
Massachusetts,MA,2020-01-26,0
Massachusetts,MA,2020-01-27,0
Massachusetts,MA,2020-01-28,0
Massachusetts,MA,2020-01-29,0
Massachusetts,MA,2020-01-30,0
Massachusetts,MA,2020-01-31,0
Massachusetts,MA,2020-02-01,0
Massachusetts,MA,2020-02-02,0
Massachusetts,MA,2020-02-03,0
Massachusetts,MA,2020-02-04,0
Massachusetts,MA,2020-02-05,0
Massachusetts,MA,2020-02-06,0
Massachusetts,MA,2020-02-07,0
Massachusetts,MA,2020-02-08,0
Massachusetts,MA,2020-02-09,0
Massachusetts,MA,2020-02-10,0
Massachusetts,MA,2020-02-11,0
Massachusetts,MA,2020-02-12,0
Massachusetts,MA,2020-02-13,0
Massachusetts,MA,2020-02-14,0
Massachusetts,MA,2020-02-15,0
Massachusetts,MA,2020-02-16,0
Massachusetts,MA,2020-02-17,0
Massachusetts,MA,2020-02-18,0
Massachusetts,MA,2020-02-19,0
Massachusetts,MA,2020-02-20,0
Massachusetts,MA,2020-02-21,0
Massachusetts,MA,2020-02-22,0
Massachusetts,MA,2020-02-23,0
Massachusetts,MA,2020-02-24,0
Massachusetts,MA,2020-02-25,0
Massachusetts,MA,2020-02-26,0
Massachusetts,MA,2020-02-27,0
Massachusetts,MA,2020-02-28,0
Massachusetts,MA,2020-02-29,0
Massachusetts,MA,2020-03-01,0
Massachusetts,MA,2020-03-02,0
Massachusetts,MA,2020-03-03,0
Massachusetts,MA,2020-03-04,0
Massachusetts,MA,2020-03-05,0
Massachusetts,MA,2020-03-06,0
Massachusetts,MA,2020-03-07,0
Massachusetts,MA,2020-03-08,0
Massachusetts,MA,2020-03-09,0
Massachusetts,MA,2020-03-10,92
Massachusetts,MA,2020-03-11,95
Massachusetts,MA,2020-03-12,108
Massachusetts,MA,2020-03-13,123
Massachusetts,MA,2020-03-14,138
Massachusetts,MA,2020-03-15,164
Massachusetts,MA,2020-03-16,197
Massachusetts,MA,2020-03-17,218
Massachusetts,MA,2020-03-18,218
Massachusetts,MA,2020-03-19,328
Massachusetts,MA,2020-03-20,413
Massachusetts,MA,2020-03-21,525
Massachusetts,MA,2020-03-22,646
Michigan,MI,2020-01-22,0
Michigan,MI,2020-01-23,0
Michigan,MI,2020-01-24,0
Michigan,MI,2020-01-25,0
Michigan,MI,2020-01-26,0
Michigan,MI,2020-01-27,0
Michigan,MI,2020-01-28,0
Michigan,MI,2020-01-29,0
Michigan,MI,2020-01-30,0
Michigan,MI,2020-01-31,0
Michigan,MI,2020-02-01,0
Michigan,MI,2020-02-02,0
Michigan,MI,2020-02-03,0
Michigan,MI,2020-02-04,0
Michigan,MI,2020-02-05,0
Michigan,MI,2020-02-06,0
Michigan,MI,2020-02-07,0
Michigan,MI,2020-02-08,0
Michigan,MI,2020-02-09,0
Michigan,MI,2020-02-10,0
Michigan,MI,2020-02-11,0
Michigan,MI,2020-02-12,0
Michigan,MI,2020-02-13,0
Michigan,MI,2020-02-14,0
Michigan,MI,2020-02-15,0
Michigan,MI,2020-02-16,0
Michigan,MI,2020-02-17,0
Michigan,MI,2020-02-18,0
Michigan,MI,2020-02-19,0
Michigan,MI,2020-02-20,0
Michigan,MI,2020-02-21,0
Michigan,MI,2020-02-22,0
Michigan,MI,2020-02-23,0
Michigan,MI,2020-02-24,0
Michigan,MI,2020-02-25,0
Michigan,MI,2020-02-26,0
Michigan,MI,2020-02-27,0
Michigan,MI,2020-02-28,0
Michigan,MI,2020-02-29,0
Michigan,MI,2020-03-01,0
Michigan,MI,2020-03-02,0
Michigan,MI,2020-03-03,0
Michigan,MI,2020-03-04,0
Michigan,MI,2020-03-05,0
Michigan,MI,2020-03-06,0
Michigan,MI,2020-03-07,0
Michigan,MI,2020-03-08,0
Michigan,MI,2020-03-09,0
Michigan,MI,2020-03-10,0
Michigan,MI,2020-03-11,2
Michigan,MI,2020-03-12,2
Michigan,MI,2020-03-13,16
Michigan,MI,2020-03-14,25
Michigan,MI,2020-03-15,33
Michigan,MI,2020-03-16,53
Michigan,MI,2020-03-17,65
Michigan,MI,2020-03-18,83
Michigan,MI,2020-03-19,334
Michigan,MI,2020-03-20,552
Michigan,MI,2020-03-21,788
Michigan,MI,2020-03-22,1037
Minnesota,MN,2020-01-22,0
Minnesota,MN,2020-01-23,0
Minnesota,MN,2020-01-24,0
Minnesota,MN,2020-01-25,0
Minnesota,MN,2020-01-26,0
Minnesota,MN,2020-01-27,0
Minnesota,MN,2020-01-28,0
Minnesota,MN,2020-01-29,0
Minnesota,MN,2020-01-30,0
Minnesota,MN,2020-01-31,0
Minnesota,MN,2020-02-01,0
Minnesota,MN,2020-02-02,0
Minnesota,MN,2020-02-03,0
Minnesota,MN,2020-02-04,0
Minnesota,MN,2020-02-05,0
Minnesota,MN,2020-02-06,0
Minnesota,MN,2020-02-07,0
Minnesota,MN,2020-02-08,0
Minnesota,MN,2020-02-09,0
Minnesota,MN,2020-02-10,0
Minnesota,MN,2020-02-11,0
Minnesota,MN,2020-02-12,0
Minnesota,MN,2020-02-13,0
Minnesota,MN,2020-02-14,0
Minnesota,MN,2020-02-15,0
Minnesota,MN,2020-02-16,0
Minnesota,MN,2020-02-17,0
Minnesota,MN,2020-02-18,0
Minnesota,MN,2020-02-19,0
Minnesota,MN,2020-02-20,0
Minnesota,MN,2020-02-21,0
Minnesota,MN,2020-02-22,0
Minnesota,MN,2020-02-23,0
Minnesota,MN,2020-02-24,0
Minnesota,MN,2020-02-25,0
Minnesota,MN,2020-02-26,0
Minnesota,MN,2020-02-27,0
Minnesota,MN,2020-02-28,0
Minnesota,MN,2020-02-29,0
Minnesota,MN,2020-03-01,0
Minnesota,MN,2020-03-02,0
Minnesota,MN,2020-03-03,0
Minnesota,MN,2020-03-04,0
Minnesota,MN,2020-03-05,0
Minnesota,MN,2020-03-06,0
Minnesota,MN,2020-03-07,0
Minnesota,MN,2020-03-08,0
Minnesota,MN,2020-03-09,0
Minnesota,MN,2020-03-10,3
Minnesota,MN,2020-03-11,5
Minnesota,MN,2020-03-12,9
Minnesota,MN,2020-03-13,14
Minnesota,MN,2020-03-14,21
Minnesota,MN,2020-03-15,35
Minnesota,MN,2020-03-16,54
Minnesota,MN,2020-03-17,60
Minnesota,MN,2020-03-18,77
Minnesota,MN,2020-03-19,89
Minnesota,MN,2020-03-20,115
Minnesota,MN,2020-03-21,138
Minnesota,MN,2020-03-22,169
Mississippi,MS,2020-01-22,0
Mississippi,MS,2020-01-23,0
Mississippi,MS,2020-01-24,0
Mississippi,MS,2020-01-25,0
Mississippi,MS,2020-01-26,0
Mississippi,MS,2020-01-27,0
Mississippi,MS,2020-01-28,0
Mississippi,MS,2020-01-29,0
Mississippi,MS,2020-01-30,0
Mississippi,MS,2020-01-31,0
Mississippi,MS,2020-02-01,0
Mississippi,MS,2020-02-02,0
Mississippi,MS,2020-02-03,0
Mississippi,MS,2020-02-04,0
Mississippi,MS,2020-02-05,0
Mississippi,MS,2020-02-06,0
Mississippi,MS,2020-02-07,0
Mississippi,MS,2020-02-08,0
Mississippi,MS,2020-02-09,0
Mississippi,MS,2020-02-10,0
Mississippi,MS,2020-02-11,0
Mississippi,MS,2020-02-12,0
Mississippi,MS,2020-02-13,0
Mississippi,MS,2020-02-14,0
Mississippi,MS,2020-02-15,0
Mississippi,MS,2020-02-16,0
Mississippi,MS,2020-02-17,0
Mississippi,MS,2020-02-18,0
Mississippi,MS,2020-02-19,0
Mississippi,MS,2020-02-20,0
Mississippi,MS,2020-02-21,0
Mississippi,MS,2020-02-22,0
Mississippi,MS,2020-02-23,0
Mississippi,MS,2020-02-24,0
Mississippi,MS,2020-02-25,0
Mississippi,MS,2020-02-26,0
Mississippi,MS,2020-02-27,0
Mississippi,MS,2020-02-28,0
Mississippi,MS,2020-02-29,0
Mississippi,MS,2020-03-01,0
Mississippi,MS,2020-03-02,0
Mississippi,MS,2020-03-03,0
Mississippi,MS,2020-03-04,0
Mississippi,MS,2020-03-05,0
Mississippi,MS,2020-03-06,0
Mississippi,MS,2020-03-07,0
Mississippi,MS,2020-03-08,0
Mississippi,MS,2020-03-09,0
Mississippi,MS,2020-03-10,0
Mississippi,MS,2020-03-11,0
Mississippi,MS,2020-03-12,1
Mississippi,MS,2020-03-13,1
Mississippi,MS,2020-03-14,6
Mississippi,MS,2020-03-15,10
Mississippi,MS,2020-03-16,13
Mississippi,MS,2020-03-17,21
Mississippi,MS,2020-03-18,34
Mississippi,MS,2020-03-19,50
Mississippi,MS,2020-03-20,80
Mississippi,MS,2020-03-21,140
Mississippi,MS,2020-03-22,207
Missouri,MO,2020-01-22,0
Missouri,MO,2020-01-23,0
Missouri,MO,2020-01-24,0
Missouri,MO,2020-01-25,0
Missouri,MO,2020-01-26,0
Missouri,MO,2020-01-27,0
Missouri,MO,2020-01-28,0
Missouri,MO,2020-01-29,0
Missouri,MO,2020-01-30,0
Missouri,MO,2020-01-31,0
Missouri,MO,2020-02-01,0
Missouri,MO,2020-02-02,0
Missouri,MO,2020-02-03,0
Missouri,MO,2020-02-04,0
Missouri,MO,2020-02-05,0
Missouri,MO,2020-02-06,0
Missouri,MO,2020-02-07,0
Missouri,MO,2020-02-08,0
Missouri,MO,2020-02-09,0
Missouri,MO,2020-02-10,0
Missouri,MO,2020-02-11,0
Missouri,MO,2020-02-12,0
Missouri,MO,2020-02-13,0
Missouri,MO,2020-02-14,0
Missouri,MO,2020-02-15,0
Missouri,MO,2020-02-16,0
Missouri,MO,2020-02-17,0
Missouri,MO,2020-02-18,0
Missouri,MO,2020-02-19,0
Missouri,MO,2020-02-20,0
Missouri,MO,2020-02-21,0
Missouri,MO,2020-02-22,0
Missouri,MO,2020-02-23,0
Missouri,MO,2020-02-24,0
Missouri,MO,2020-02-25,0
Missouri,MO,2020-02-26,0
Missouri,MO,2020-02-27,0
Missouri,MO,2020-02-28,0
Missouri,MO,2020-02-29,0
Missouri,MO,2020-03-01,0
Missouri,MO,2020-03-02,0
Missouri,MO,2020-03-03,0
Missouri,MO,2020-03-04,0
Missouri,MO,2020-03-05,0
Missouri,MO,2020-03-06,0
Missouri,MO,2020-03-07,0
Missouri,MO,2020-03-08,0
Missouri,MO,2020-03-09,0
Missouri,MO,2020-03-10,1
Missouri,MO,2020-03-11,1
Missouri,MO,2020-03-12,1
Missouri,MO,2020-03-13,2
Missouri,MO,2020-03-14,4
Missouri,MO,2020-03-15,5
Missouri,MO,2020-03-16,6
Missouri,MO,2020-03-17,11
Missouri,MO,2020-03-18,18
Missouri,MO,2020-03-19,31
Missouri,MO,2020-03-20,53
Missouri,MO,2020-03-21,74
Missouri,MO,2020-03-22,100
Pennsylvania,PA,2020-01-22,0
Pennsylvania,PA,2020-01-23,0
Pennsylvania,PA,2020-01-24,0
Pennsylvania,PA,2020-01-25,0
Pennsylvania,PA,2020-01-26,0
Pennsylvania,PA,2020-01-27,0
Pennsylvania,PA,2020-01-28,0
Pennsylvania,PA,2020-01-29,0
Pennsylvania,PA,2020-01-30,0
Pennsylvania,PA,2020-01-31,0
Pennsylvania,PA,2020-02-01,0
Pennsylvania,PA,2020-02-02,0
Pennsylvania,PA,2020-02-03,0
Pennsylvania,PA,2020-02-04,0
Pennsylvania,PA,2020-02-05,0
Pennsylvania,PA,2020-02-06,0
Pennsylvania,PA,2020-02-07,0
Pennsylvania,PA,2020-02-08,0
Pennsylvania,PA,2020-02-09,0
Pennsylvania,PA,2020-02-10,0
Pennsylvania,PA,2020-02-11,0
Pennsylvania,PA,2020-02-12,0
Pennsylvania,PA,2020-02-13,0
Pennsylvania,PA,2020-02-14,0
Pennsylvania,PA,2020-02-15,0
Pennsylvania,PA,2020-02-16,0
Pennsylvania,PA,2020-02-17,0
Pennsylvania,PA,2020-02-18,0
Pennsylvania,PA,2020-02-19,0
Pennsylvania,PA,2020-02-20,0
Pennsylvania,PA,2020-02-21,0
Pennsylvania,PA,2020-02-22,0
Pennsylvania,PA,2020-02-23,0
Pennsylvania,PA,2020-02-24,0
Pennsylvania,PA,2020-02-25,0
Pennsylvania,PA,2020-02-26,0
Pennsylvania,PA,2020-02-27,0
Pennsylvania,PA,2020-02-28,0
Pennsylvania,PA,2020-02-29,0
Pennsylvania,PA,2020-03-01,0
Pennsylvania,PA,2020-03-02,0
Pennsylvania,PA,2020-03-03,0
Pennsylvania,PA,2020-03-04,0
Pennsylvania,PA,2020-03-05,0
Pennsylvania,PA,2020-03-06,0
Pennsylvania,PA,2020-03-07,0
Pennsylvania,PA,2020-03-08,0
Pennsylvania,PA,2020-03-09,0
Pennsylvania,PA,2020-03-10,12
Pennsylvania,PA,2020-03-11,16
Pennsylvania,PA,2020-03-12,22
Pennsylvania,PA,2020-03-13,41
Pennsylvania,PA,2020-03-14,47
Pennsylvania,PA,2020-03-15,66
Pennsylvania,PA,2020-03-16,77
Pennsylvania,PA,2020-03-17,112
Pennsylvania,PA,2020-03-18,152
Pennsylvania,PA,2020-03-19,206
Pennsylvania,PA,2020-03-20,303
Pennsylvania,PA,2020-03-21,396
Pennsylvania,PA,2020-03-22,509
Rhode Island,RI,2020-01-22,0
Rhode Island,RI,2020-01-23,0
Rhode Island,RI,2020-01-24,0
Rhode Island,RI,2020-01-25,0
Rhode Island,RI,2020-01-26,0
Rhode Island,RI,2020-01-27,0
Rhode Island,RI,2020-01-28,0
Rhode Island,RI,2020-01-29,0
Rhode Island,RI,2020-01-30,0
Rhode Island,RI,2020-01-31,0
Rhode Island,RI,2020-02-01,0
Rhode Island,RI,2020-02-02,0
Rhode Island,RI,2020-02-03,0
Rhode Island,RI,2020-02-04,0
Rhode Island,RI,2020-02-05,0
Rhode Island,RI,2020-02-06,0
Rhode Island,RI,2020-02-07,0
Rhode Island,RI,2020-02-08,0
Rhode Island,RI,2020-02-09,0
Rhode Island,RI,2020-02-10,0
Rhode Island,RI,2020-02-11,0
Rhode Island,RI,2020-02-12,0
Rhode Island,RI,2020-02-13,0
Rhode Island,RI,2020-02-14,0
Rhode Island,RI,2020-02-15,0
Rhode Island,RI,2020-02-16,0
Rhode Island,RI,2020-02-17,0
Rhode Island,RI,2020-02-18,0
Rhode Island,RI,2020-02-19,0
Rhode Island,RI,2020-02-20,0
Rhode Island,RI,2020-02-21,0
Rhode Island,RI,2020-02-22,0
Rhode Island,RI,2020-02-23,0
Rhode Island,RI,2020-02-24,0
Rhode Island,RI,2020-02-25,0
Rhode Island,RI,2020-02-26,0
Rhode Island,RI,2020-02-27,0
Rhode Island,RI,2020-02-28,0
Rhode Island,RI,2020-02-29,0
Rhode Island,RI,2020-03-01,0
Rhode Island,RI,2020-03-02,0
Rhode Island,RI,2020-03-03,0
Rhode Island,RI,2020-03-04,0
Rhode Island,RI,2020-03-05,0
Rhode Island,RI,2020-03-06,0
Rhode Island,RI,2020-03-07,0
Rhode Island,RI,2020-03-08,0
Rhode Island,RI,2020-03-09,0
Rhode Island,RI,2020-03-10,3
Rhode Island,RI,2020-03-11,5
Rhode Island,RI,2020-03-12,5
Rhode Island,RI,2020-03-13,14
Rhode Island,RI,2020-03-14,20
Rhode Island,RI,2020-03-15,20
Rhode Island,RI,2020-03-16,21
Rhode Island,RI,2020-03-17,23
Rhode Island,RI,2020-03-18,33
Rhode Island,RI,2020-03-19,44
Rhode Island,RI,2020-03-20,54
Rhode Island,RI,2020-03-21,66
Rhode Island,RI,2020-03-22,83
South Carolina,SC,2020-01-22,0
South Carolina,SC,2020-01-23,0
South Carolina,SC,2020-01-24,0
South Carolina,SC,2020-01-25,0
South Carolina,SC,2020-01-26,0
South Carolina,SC,2020-01-27,0
South Carolina,SC,2020-01-28,0
South Carolina,SC,2020-01-29,0
South Carolina,SC,2020-01-30,0
South Carolina,SC,2020-01-31,0
South Carolina,SC,2020-02-01,0
South Carolina,SC,2020-02-02,0
South Carolina,SC,2020-02-03,0
South Carolina,SC,2020-02-04,0
South Carolina,SC,2020-02-05,0
South Carolina,SC,2020-02-06,0
South Carolina,SC,2020-02-07,0
South Carolina,SC,2020-02-08,0
South Carolina,SC,2020-02-09,0
South Carolina,SC,2020-02-10,0
South Carolina,SC,2020-02-11,0
South Carolina,SC,2020-02-12,0
South Carolina,SC,2020-02-13,0
South Carolina,SC,2020-02-14,0
South Carolina,SC,2020-02-15,0
South Carolina,SC,2020-02-16,0
South Carolina,SC,2020-02-17,0
South Carolina,SC,2020-02-18,0
South Carolina,SC,2020-02-19,0
South Carolina,SC,2020-02-20,0
South Carolina,SC,2020-02-21,0
South Carolina,SC,2020-02-22,0
South Carolina,SC,2020-02-23,0
South Carolina,SC,2020-02-24,0
South Carolina,SC,2020-02-25,0
South Carolina,SC,2020-02-26,0
South Carolina,SC,2020-02-27,0
South Carolina,SC,2020-02-28,0
South Carolina,SC,2020-02-29,0
South Carolina,SC,2020-03-01,0
South Carolina,SC,2020-03-02,0
South Carolina,SC,2020-03-03,0
South Carolina,SC,2020-03-04,0
South Carolina,SC,2020-03-05,0
South Carolina,SC,2020-03-06,0
South Carolina,SC,2020-03-07,0
South Carolina,SC,2020-03-08,0
South Carolina,SC,2020-03-09,0
South Carolina,SC,2020-03-10,7
South Carolina,SC,2020-03-11,10
South Carolina,SC,2020-03-12,12
South Carolina,SC,2020-03-13,13
South Carolina,SC,2020-03-14,19
South Carolina,SC,2020-03-15,28
South Carolina,SC,2020-03-16,33
South Carolina,SC,2020-03-17,47
South Carolina,SC,2020-03-18,47
South Carolina,SC,2020-03-19,81
South Carolina,SC,2020-03-20,126
South Carolina,SC,2020-03-21,171
South Carolina,SC,2020-03-22,196
South Dakota,SD,2020-01-22,0
South Dakota,SD,2020-01-23,0
South Dakota,SD,2020-01-24,0
South Dakota,SD,2020-01-25,0
South Dakota,SD,2020-01-26,0
South Dakota,SD,2020-01-27,0
South Dakota,SD,2020-01-28,0
South Dakota,SD,2020-01-29,0
South Dakota,SD,2020-01-30,0
South Dakota,SD,2020-01-31,0
South Dakota,SD,2020-02-01,0
South Dakota,SD,2020-02-02,0
South Dakota,SD,2020-02-03,0
South Dakota,SD,2020-02-04,0
South Dakota,SD,2020-02-05,0
South Dakota,SD,2020-02-06,0
South Dakota,SD,2020-02-07,0
South Dakota,SD,2020-02-08,0
South Dakota,SD,2020-02-09,0
South Dakota,SD,2020-02-10,0
South Dakota,SD,2020-02-11,0
South Dakota,SD,2020-02-12,0
South Dakota,SD,2020-02-13,0
South Dakota,SD,2020-02-14,0
South Dakota,SD,2020-02-15,0
South Dakota,SD,2020-02-16,0
South Dakota,SD,2020-02-17,0
South Dakota,SD,2020-02-18,0
South Dakota,SD,2020-02-19,0
South Dakota,SD,2020-02-20,0
South Dakota,SD,2020-02-21,0
South Dakota,SD,2020-02-22,0
South Dakota,SD,2020-02-23,0
South Dakota,SD,2020-02-24,0
South Dakota,SD,2020-02-25,0
South Dakota,SD,2020-02-26,0
South Dakota,SD,2020-02-27,0
South Dakota,SD,2020-02-28,0
South Dakota,SD,2020-02-29,0
South Dakota,SD,2020-03-01,0
South Dakota,SD,2020-03-02,0
South Dakota,SD,2020-03-03,0
South Dakota,SD,2020-03-04,0
South Dakota,SD,2020-03-05,0
South Dakota,SD,2020-03-06,0
South Dakota,SD,2020-03-07,0
South Dakota,SD,2020-03-08,0
South Dakota,SD,2020-03-09,0
South Dakota,SD,2020-03-10,0
South Dakota,SD,2020-03-11,8
South Dakota,SD,2020-03-12,8
South Dakota,SD,2020-03-13,8
South Dakota,SD,2020-03-14,9
South Dakota,SD,2020-03-15,9
South Dakota,SD,2020-03-16,10
South Dakota,SD,2020-03-17,11
South Dakota,SD,2020-03-18,11
South Dakota,SD,2020-03-19,11
South Dakota,SD,2020-03-20,14
South Dakota,SD,2020-03-21,14
South Dakota,SD,2020-03-22,21
Tennessee,TN,2020-01-22,0
Tennessee,TN,2020-01-23,0
Tennessee,TN,2020-01-24,0
Tennessee,TN,2020-01-25,0
Tennessee,TN,2020-01-26,0
Tennessee,TN,2020-01-27,0
Tennessee,TN,2020-01-28,0
Tennessee,TN,2020-01-29,0
Tennessee,TN,2020-01-30,0
Tennessee,TN,2020-01-31,0
Tennessee,TN,2020-02-01,0
Tennessee,TN,2020-02-02,0
Tennessee,TN,2020-02-03,0
Tennessee,TN,2020-02-04,0
Tennessee,TN,2020-02-05,0
Tennessee,TN,2020-02-06,0
Tennessee,TN,2020-02-07,0
Tennessee,TN,2020-02-08,0
Tennessee,TN,2020-02-09,0
Tennessee,TN,2020-02-10,0
Tennessee,TN,2020-02-11,0
Tennessee,TN,2020-02-12,0
Tennessee,TN,2020-02-13,0
Tennessee,TN,2020-02-14,0
Tennessee,TN,2020-02-15,0
Tennessee,TN,2020-02-16,0
Tennessee,TN,2020-02-17,0
Tennessee,TN,2020-02-18,0
Tennessee,TN,2020-02-19,0
Tennessee,TN,2020-02-20,0
Tennessee,TN,2020-02-21,0
Tennessee,TN,2020-02-22,0
Tennessee,TN,2020-02-23,0
Tennessee,TN,2020-02-24,0
Tennessee,TN,2020-02-25,0
Tennessee,TN,2020-02-26,0
Tennessee,TN,2020-02-27,0
Tennessee,TN,2020-02-28,0
Tennessee,TN,2020-02-29,0
Tennessee,TN,2020-03-01,0
Tennessee,TN,2020-03-02,0
Tennessee,TN,2020-03-03,0
Tennessee,TN,2020-03-04,0
Tennessee,TN,2020-03-05,0
Tennessee,TN,2020-03-06,0
Tennessee,TN,2020-03-07,0
Tennessee,TN,2020-03-08,0
Tennessee,TN,2020-03-09,0
Tennessee,TN,2020-03-10,7
Tennessee,TN,2020-03-11,9
Tennessee,TN,2020-03-12,18
Tennessee,TN,2020-03-13,26
Tennessee,TN,2020-03-14,32
Tennessee,TN,2020-03-15,39
Tennessee,TN,2020-03-16,52
Tennessee,TN,2020-03-17,74
Tennessee,TN,2020-03-18,79
Tennessee,TN,2020-03-19,154
Tennessee,TN,2020-03-20,233
Tennessee,TN,2020-03-21,371
Tennessee,TN,2020-03-22,505
Texas,TX,2020-01-22,0
Texas,TX,2020-01-23,0
Texas,TX,2020-01-24,0
Texas,TX,2020-01-25,0
Texas,TX,2020-01-26,0
Texas,TX,2020-01-27,0
Texas,TX,2020-01-28,0
Texas,TX,2020-01-29,0
Texas,TX,2020-01-30,0
Texas,TX,2020-01-31,0
Texas,TX,2020-02-01,0
Texas,TX,2020-02-02,0
Texas,TX,2020-02-03,0
Texas,TX,2020-02-04,0
Texas,TX,2020-02-05,0
Texas,TX,2020-02-06,0
Texas,TX,2020-02-07,0
Texas,TX,2020-02-08,0
Texas,TX,2020-02-09,0
Texas,TX,2020-02-10,0
Texas,TX,2020-02-11,0
Texas,TX,2020-02-12,0
Texas,TX,2020-02-13,0
Texas,TX,2020-02-14,0
Texas,TX,2020-02-15,0
Texas,TX,2020-02-16,0
Texas,TX,2020-02-17,0
Texas,TX,2020-02-18,0
Texas,TX,2020-02-19,0
Texas,TX,2020-02-20,0
Texas,TX,2020-02-21,0
Texas,TX,2020-02-22,0
Texas,TX,2020-02-23,0
Texas,TX,2020-02-24,0
Texas,TX,2020-02-25,0
Texas,TX,2020-02-26,0
Texas,TX,2020-02-27,0
Texas,TX,2020-02-28,0
Texas,TX,2020-02-29,0
Texas,TX,2020-03-01,0
Texas,TX,2020-03-02,0
Texas,TX,2020-03-03,0
Texas,TX,2020-03-04,0
Texas,TX,2020-03-05,0
Texas,TX,2020-03-06,0
Texas,TX,2020-03-07,0
Texas,TX,2020-03-08,0
Texas,TX,2020-03-09,0
Texas,TX,2020-03-10,13
Texas,TX,2020-03-11,21
Texas,TX,2020-03-12,27
Texas,TX,2020-03-13,43
Texas,TX,2020-03-14,57
Texas,TX,2020-03-15,72
Texas,TX,2020-03-16,85
Texas,TX,2020-03-17,110
Texas,TX,2020-03-18,173
Texas,TX,2020-03-19,260
Texas,TX,2020-03-20,394
Texas,TX,2020-03-21,581
Texas,TX,2020-03-22,627
Utah,UT,2020-01-22,0
Utah,UT,2020-01-23,0
Utah,UT,2020-01-24,0
Utah,UT,2020-01-25,0
Utah,UT,2020-01-26,0
Utah,UT,2020-01-27,0
Utah,UT,2020-01-28,0
Utah,UT,2020-01-29,0
Utah,UT,2020-01-30,0
Utah,UT,2020-01-31,0
Utah,UT,2020-02-01,0
Utah,UT,2020-02-02,0
Utah,UT,2020-02-03,0
Utah,UT,2020-02-04,0
Utah,UT,2020-02-05,0
Utah,UT,2020-02-06,0
Utah,UT,2020-02-07,0
Utah,UT,2020-02-08,0
Utah,UT,2020-02-09,0
Utah,UT,2020-02-10,0
Utah,UT,2020-02-11,0
Utah,UT,2020-02-12,0
Utah,UT,2020-02-13,0
Utah,UT,2020-02-14,0
Utah,UT,2020-02-15,0
Utah,UT,2020-02-16,0
Utah,UT,2020-02-17,0
Utah,UT,2020-02-18,0
Utah,UT,2020-02-19,0
Utah,UT,2020-02-20,0
Utah,UT,2020-02-21,0
Utah,UT,2020-02-22,0
Utah,UT,2020-02-23,0
Utah,UT,2020-02-24,0
Utah,UT,2020-02-25,0
Utah,UT,2020-02-26,0
Utah,UT,2020-02-27,0
Utah,UT,2020-02-28,0
Utah,UT,2020-02-29,0
Utah,UT,2020-03-01,0
Utah,UT,2020-03-02,0
Utah,UT,2020-03-03,0
Utah,UT,2020-03-04,0
Utah,UT,2020-03-05,0
Utah,UT,2020-03-06,0
Utah,UT,2020-03-07,0
Utah,UT,2020-03-08,0
Utah,UT,2020-03-09,0
Utah,UT,2020-03-10,2
Utah,UT,2020-03-11,3
Utah,UT,2020-03-12,5
Utah,UT,2020-03-13,9
Utah,UT,2020-03-14,10
Utah,UT,2020-03-15,28
Utah,UT,2020-03-16,39
Utah,UT,2020-03-17,51
Utah,UT,2020-03-18,51
Utah,UT,2020-03-19,80
Utah,UT,2020-03-20,78
Utah,UT,2020-03-21,136
Utah,UT,2020-03-22,181
Vermont,VT,2020-01-22,0
Vermont,VT,2020-01-23,0
Vermont,VT,2020-01-24,0
Vermont,VT,2020-01-25,0
Vermont,VT,2020-01-26,0
Vermont,VT,2020-01-27,0
Vermont,VT,2020-01-28,0
Vermont,VT,2020-01-29,0
Vermont,VT,2020-01-30,0
Vermont,VT,2020-01-31,0
Vermont,VT,2020-02-01,0
Vermont,VT,2020-02-02,0
Vermont,VT,2020-02-03,0
Vermont,VT,2020-02-04,0
Vermont,VT,2020-02-05,0
Vermont,VT,2020-02-06,0
Vermont,VT,2020-02-07,0
Vermont,VT,2020-02-08,0
Vermont,VT,2020-02-09,0
Vermont,VT,2020-02-10,0
Vermont,VT,2020-02-11,0
Vermont,VT,2020-02-12,0
Vermont,VT,2020-02-13,0
Vermont,VT,2020-02-14,0
Vermont,VT,2020-02-15,0
Vermont,VT,2020-02-16,0
Vermont,VT,2020-02-17,0
Vermont,VT,2020-02-18,0
Vermont,VT,2020-02-19,0
Vermont,VT,2020-02-20,0
Vermont,VT,2020-02-21,0
Vermont,VT,2020-02-22,0
Vermont,VT,2020-02-23,0
Vermont,VT,2020-02-24,0
Vermont,VT,2020-02-25,0
Vermont,VT,2020-02-26,0
Vermont,VT,2020-02-27,0
Vermont,VT,2020-02-28,0
Vermont,VT,2020-02-29,0
Vermont,VT,2020-03-01,0
Vermont,VT,2020-03-02,0
Vermont,VT,2020-03-03,0
Vermont,VT,2020-03-04,0
Vermont,VT,2020-03-05,0
Vermont,VT,2020-03-06,0
Vermont,VT,2020-03-07,0
Vermont,VT,2020-03-08,0
Vermont,VT,2020-03-09,0
Vermont,VT,2020-03-10,1
Vermont,VT,2020-03-11,1
Vermont,VT,2020-03-12,2
Vermont,VT,2020-03-13,2
Vermont,VT,2020-03-14,5
Vermont,VT,2020-03-15,8
Vermont,VT,2020-03-16,12
Vermont,VT,2020-03-17,12
Vermont,VT,2020-03-18,18
Vermont,VT,2020-03-19,22
Vermont,VT,2020-03-20,29
Vermont,VT,2020-03-21,29
Vermont,VT,2020-03-22,52
Virginia,VA,2020-01-22,0
Virginia,VA,2020-01-23,0
Virginia,VA,2020-01-24,0
Virginia,VA,2020-01-25,0
Virginia,VA,2020-01-26,0
Virginia,VA,2020-01-27,0
Virginia,VA,2020-01-28,0
Virginia,VA,2020-01-29,0
Virginia,VA,2020-01-30,0
Virginia,VA,2020-01-31,0
Virginia,VA,2020-02-01,0
Virginia,VA,2020-02-02,0
Virginia,VA,2020-02-03,0
Virginia,VA,2020-02-04,0
Virginia,VA,2020-02-05,0
Virginia,VA,2020-02-06,0
Virginia,VA,2020-02-07,0
Virginia,VA,2020-02-08,0
Virginia,VA,2020-02-09,0
Virginia,VA,2020-02-10,0
Virginia,VA,2020-02-11,0
Virginia,VA,2020-02-12,0
Virginia,VA,2020-02-13,0
Virginia,VA,2020-02-14,0
Virginia,VA,2020-02-15,0
Virginia,VA,2020-02-16,0
Virginia,VA,2020-02-17,0
Virginia,VA,2020-02-18,0
Virginia,VA,2020-02-19,0
Virginia,VA,2020-02-20,0
Virginia,VA,2020-02-21,0
Virginia,VA,2020-02-22,0
Virginia,VA,2020-02-23,0
Virginia,VA,2020-02-24,0
Virginia,VA,2020-02-25,0
Virginia,VA,2020-02-26,0
Virginia,VA,2020-02-27,0
Virginia,VA,2020-02-28,0
Virginia,VA,2020-02-29,0
Virginia,VA,2020-03-01,0
Virginia,VA,2020-03-02,0
Virginia,VA,2020-03-03,0
Virginia,VA,2020-03-04,0
Virginia,VA,2020-03-05,0
Virginia,VA,2020-03-06,0
Virginia,VA,2020-03-07,0
Virginia,VA,2020-03-08,0
Virginia,VA,2020-03-09,0
Virginia,VA,2020-03-10,7
Virginia,VA,2020-03-11,9
Virginia,VA,2020-03-12,17
Virginia,VA,2020-03-13,30
Virginia,VA,2020-03-14,41
Virginia,VA,2020-03-15,45
Virginia,VA,2020-03-16,49
Virginia,VA,2020-03-17,67
Virginia,VA,2020-03-18,77
Virginia,VA,2020-03-19,99
Virginia,VA,2020-03-20,122
Virginia,VA,2020-03-21,156
Virginia,VA,2020-03-22,221
Washington,WA,2020-01-22,0
Washington,WA,2020-01-23,0
Washington,WA,2020-01-24,0
Washington,WA,2020-01-25,0
Washington,WA,2020-01-26,0
Washington,WA,2020-01-27,0
Washington,WA,2020-01-28,0
Washington,WA,2020-01-29,0
Washington,WA,2020-01-30,0
Washington,WA,2020-01-31,0
Washington,WA,2020-02-01,0
Washington,WA,2020-02-02,0
Washington,WA,2020-02-03,0
Washington,WA,2020-02-04,0
Washington,WA,2020-02-05,0
Washington,WA,2020-02-06,0
Washington,WA,2020-02-07,0
Washington,WA,2020-02-08,0
Washington,WA,2020-02-09,0
Washington,WA,2020-02-10,0
Washington,WA,2020-02-11,0
Washington,WA,2020-02-12,0
Washington,WA,2020-02-13,0
Washington,WA,2020-02-14,0
Washington,WA,2020-02-15,0
Washington,WA,2020-02-16,0
Washington,WA,2020-02-17,0
Washington,WA,2020-02-18,0
Washington,WA,2020-02-19,0
Washington,WA,2020-02-20,0
Washington,WA,2020-02-21,0
Washington,WA,2020-02-22,0
Washington,WA,2020-02-23,0
Washington,WA,2020-02-24,0
Washington,WA,2020-02-25,0
Washington,WA,2020-02-26,0
Washington,WA,2020-02-27,0
Washington,WA,2020-02-28,0
Washington,WA,2020-02-29,0
Washington,WA,2020-03-01,0
Washington,WA,2020-03-02,0
Washington,WA,2020-03-03,0
Washington,WA,2020-03-04,0
Washington,WA,2020-03-05,0
Washington,WA,2020-03-06,0
Washington,WA,2020-03-07,0
Washington,WA,2020-03-08,0
Washington,WA,2020-03-09,0
Washington,WA,2020-03-10,267
Washington,WA,2020-03-11,366
Washington,WA,2020-03-12,442
Washington,WA,2020-03-13,568
Washington,WA,2020-03-14,572
Washington,WA,2020-03-15,643
Washington,WA,2020-03-16,904
Washington,WA,2020-03-17,1076
Washington,WA,2020-03-18,1014
Washington,WA,2020-03-19,1376
Washington,WA,2020-03-20,1524
Washington,WA,2020-03-21,1793
Washington,WA,2020-03-22,1996
West Virginia,WV,2020-01-22,0
West Virginia,WV,2020-01-23,0
West Virginia,WV,2020-01-24,0
West Virginia,WV,2020-01-25,0
West Virginia,WV,2020-01-26,0
West Virginia,WV,2020-01-27,0
West Virginia,WV,2020-01-28,0
West Virginia,WV,2020-01-29,0
West Virginia,WV,2020-01-30,0
West Virginia,WV,2020-01-31,0
West Virginia,WV,2020-02-01,0
West Virginia,WV,2020-02-02,0
West Virginia,WV,2020-02-03,0
West Virginia,WV,2020-02-04,0
West Virginia,WV,2020-02-05,0
West Virginia,WV,2020-02-06,0
West Virginia,WV,2020-02-07,0
West Virginia,WV,2020-02-08,0
West Virginia,WV,2020-02-09,0
West Virginia,WV,2020-02-10,0
West Virginia,WV,2020-02-11,0
West Virginia,WV,2020-02-12,0
West Virginia,WV,2020-02-13,0
West Virginia,WV,2020-02-14,0
West Virginia,WV,2020-02-15,0
West Virginia,WV,2020-02-16,0
West Virginia,WV,2020-02-17,0
West Virginia,WV,2020-02-18,0
West Virginia,WV,2020-02-19,0
West Virginia,WV,2020-02-20,0
West Virginia,WV,2020-02-21,0
West Virginia,WV,2020-02-22,0
West Virginia,WV,2020-02-23,0
West Virginia,WV,2020-02-24,0
West Virginia,WV,2020-02-25,0
West Virginia,WV,2020-02-26,0
West Virginia,WV,2020-02-27,0
West Virginia,WV,2020-02-28,0
West Virginia,WV,2020-02-29,0
West Virginia,WV,2020-03-01,0
West Virginia,WV,2020-03-02,0
West Virginia,WV,2020-03-03,0
West Virginia,WV,2020-03-04,0
West Virginia,WV,2020-03-05,0
West Virginia,WV,2020-03-06,0
West Virginia,WV,2020-03-07,0
West Virginia,WV,2020-03-08,0
West Virginia,WV,2020-03-09,0
West Virginia,WV,2020-03-10,0
West Virginia,WV,2020-03-11,0
West Virginia,WV,2020-03-12,0
West Virginia,WV,2020-03-13,0
West Virginia,WV,2020-03-14,0
West Virginia,WV,2020-03-15,0
West Virginia,WV,2020-03-16,0
West Virginia,WV,2020-03-17,1
West Virginia,WV,2020-03-18,1
West Virginia,WV,2020-03-19,2
West Virginia,WV,2020-03-20,7
West Virginia,WV,2020-03-21,8
West Virginia,WV,2020-03-22,12
Wisconsin,WI,2020-01-22,0
Wisconsin,WI,2020-01-23,0
Wisconsin,WI,2020-01-24,0
Wisconsin,WI,2020-01-25,0
Wisconsin,WI,2020-01-26,0
Wisconsin,WI,2020-01-27,0
Wisconsin,WI,2020-01-28,0
Wisconsin,WI,2020-01-29,0
Wisconsin,WI,2020-01-30,0
Wisconsin,WI,2020-01-31,0
Wisconsin,WI,2020-02-01,0
Wisconsin,WI,2020-02-02,0
Wisconsin,WI,2020-02-03,0
Wisconsin,WI,2020-02-04,0
Wisconsin,WI,2020-02-05,0
Wisconsin,WI,2020-02-06,0
Wisconsin,WI,2020-02-07,0
Wisconsin,WI,2020-02-08,0
Wisconsin,WI,2020-02-09,0
Wisconsin,WI,2020-02-10,0
Wisconsin,WI,2020-02-11,0
Wisconsin,WI,2020-02-12,0
Wisconsin,WI,2020-02-13,0
Wisconsin,WI,2020-02-14,0
Wisconsin,WI,2020-02-15,0
Wisconsin,WI,2020-02-16,0
Wisconsin,WI,2020-02-17,0
Wisconsin,WI,2020-02-18,0
Wisconsin,WI,2020-02-19,0
Wisconsin,WI,2020-02-20,0
Wisconsin,WI,2020-02-21,0
Wisconsin,WI,2020-02-22,0
Wisconsin,WI,2020-02-23,0
Wisconsin,WI,2020-02-24,0
Wisconsin,WI,2020-02-25,0
Wisconsin,WI,2020-02-26,0
Wisconsin,WI,2020-02-27,0
Wisconsin,WI,2020-02-28,0
Wisconsin,WI,2020-02-29,0
Wisconsin,WI,2020-03-01,0
Wisconsin,WI,2020-03-02,0
Wisconsin,WI,2020-03-03,0
Wisconsin,WI,2020-03-04,0
Wisconsin,WI,2020-03-05,0
Wisconsin,WI,2020-03-06,0
Wisconsin,WI,2020-03-07,0
Wisconsin,WI,2020-03-08,0
Wisconsin,WI,2020-03-09,0
Wisconsin,WI,2020-03-10,3
Wisconsin,WI,2020-03-11,6
Wisconsin,WI,2020-03-12,8
Wisconsin,WI,2020-03-13,19
Wisconsin,WI,2020-03-14,27
Wisconsin,WI,2020-03-15,32
Wisconsin,WI,2020-03-16,47
Wisconsin,WI,2020-03-17,72
Wisconsin,WI,2020-03-18,92
Wisconsin,WI,2020-03-19,159
Wisconsin,WI,2020-03-20,207
Wisconsin,WI,2020-03-21,282
Wisconsin,WI,2020-03-22,381
Wyoming,WY,2020-01-22,0
Wyoming,WY,2020-01-23,0
Wyoming,WY,2020-01-24,0
Wyoming,WY,2020-01-25,0
Wyoming,WY,2020-01-26,0
Wyoming,WY,2020-01-27,0
Wyoming,WY,2020-01-28,0
Wyoming,WY,2020-01-29,0
Wyoming,WY,2020-01-30,0
Wyoming,WY,2020-01-31,0
Wyoming,WY,2020-02-01,0
Wyoming,WY,2020-02-02,0
Wyoming,WY,2020-02-03,0
Wyoming,WY,2020-02-04,0
Wyoming,WY,2020-02-05,0
Wyoming,WY,2020-02-06,0
Wyoming,WY,2020-02-07,0
Wyoming,WY,2020-02-08,0
Wyoming,WY,2020-02-09,0
Wyoming,WY,2020-02-10,0
Wyoming,WY,2020-02-11,0
Wyoming,WY,2020-02-12,0
Wyoming,WY,2020-02-13,0
Wyoming,WY,2020-02-14,0
Wyoming,WY,2020-02-15,0
Wyoming,WY,2020-02-16,0
Wyoming,WY,2020-02-17,0
Wyoming,WY,2020-02-18,0
Wyoming,WY,2020-02-19,0
Wyoming,WY,2020-02-20,0
Wyoming,WY,2020-02-21,0
Wyoming,WY,2020-02-22,0
Wyoming,WY,2020-02-23,0
Wyoming,WY,2020-02-24,0
Wyoming,WY,2020-02-25,0
Wyoming,WY,2020-02-26,0
Wyoming,WY,2020-02-27,0
Wyoming,WY,2020-02-28,0
Wyoming,WY,2020-02-29,0
Wyoming,WY,2020-03-01,0
Wyoming,WY,2020-03-02,0
Wyoming,WY,2020-03-03,0
Wyoming,WY,2020-03-04,0
Wyoming,WY,2020-03-05,0
Wyoming,WY,2020-03-06,0
Wyoming,WY,2020-03-07,0
Wyoming,WY,2020-03-08,0
Wyoming,WY,2020-03-09,0
Wyoming,WY,2020-03-10,0
Wyoming,WY,2020-03-11,0
Wyoming,WY,2020-03-12,1
Wyoming,WY,2020-03-13,1
Wyoming,WY,2020-03-14,2
Wyoming,WY,2020-03-15,3
Wyoming,WY,2020-03-16,3
Wyoming,WY,2020-03-17,11
Wyoming,WY,2020-03-18,15
Wyoming,WY,2020-03-19,18
Wyoming,WY,2020-03-20,19
Wyoming,WY,2020-03-21,23
Wyoming,WY,2020-03-22,24
Alabama,AL,2020-03-23,196
Alaska,AK,2020-03-23,30
Arizona,AZ,2020-03-23,235
Arkansas,AR,2020-03-23,192
California,CA,2020-03-23,2108
Colorado,CO,2020-03-23,704
Connecticut,CT,2020-03-23,415
Delaware,DE,2020-03-23,68
District of Columbia,DC,2020-03-23,120
Florida,FL,2020-03-23,1227
Georgia,GA,2020-03-23,772
Hawaii,HI,2020-03-23,56
Idaho,ID,2020-03-23,68
Illinois,IL,2020-03-23,1285
Indiana,IN,2020-03-23,270
Iowa,IA,2020-03-23,105
Kansas,KS,2020-03-23,84
Kentucky,KY,2020-03-23,123
Louisiana,LA,2020-03-23,1172
Maine,ME,2020-03-23,107
Montana,MT,2020-03-23,34
Nebraska,NE,2020-03-23,51
Nevada,NV,2020-03-23,245
New Hampshire,NH,2020-03-23,101
New Jersey,NJ,2020-03-23,2844
New Mexico,NM,2020-03-23,83
New York,NY,2020-03-23,20884
North Carolina,NC,2020-03-23,353
North Dakota,ND,2020-03-23,30
Ohio,OH,2020-03-23,443
Oklahoma,OK,2020-03-23,81
Oregon,OR,2020-03-23,191
Maryland,MD,2020-03-23,290
Massachusetts,MA,2020-03-23,777
Michigan,MI,2020-03-23,1329
Minnesota,MN,2020-03-23,234
Mississippi,MS,2020-03-23,249
Missouri,MO,2020-03-23,187
Pennsylvania,PA,2020-03-23,698
Rhode Island,RI,2020-03-23,106
South Carolina,SC,2020-03-23,298
South Dakota,SD,2020-03-23,28
Tennessee,TN,2020-03-23,614
Texas,TX,2020-03-23,758
Utah,UT,2020-03-23,257
Vermont,VT,2020-03-23,75
Virginia,VA,2020-03-23,254
Washington,WA,2020-03-23,2221
West Virginia,WV,2020-03-23,16
Wisconsin,WI,2020-03-23,425
Wyoming,WY,2020-03-23,26
